Medical_Term,Frequency
then,12430
right,11587
left,11258
history,9509
normal,7526
procedure,7463
placed,7028
not,6897
well,6611
pain,5976
which,5493
any,4933
after,4471
noted,4348
also,4337
time,4287
but,4216
using,4123
will,4064
blood,3956
performed,3953
into,3842
skin,3798
without,3732
anesthesia,3707
all,3653
incision,3601
used,3554
removed,3532
year,3506
room,3502
old,3463
some,3263
diagnosis,3212
general,3064
artery,3027
through,2965
anterior,2932
taken,2816
back,2731
over,2699
disease,2685
past,2674
chest,2631
examination,2578
position,2576
two,2568
area,2557
one,2494
who,2489
lower,2462
fashion,2445
neck,2424
out,2401
negative,2374
present,2368
made,2352
does,2328
upper,2324
did,2313
down,2296
pressure,2284
closed,2279
good,2276
medications,2256
posterior,2254
postoperative,2241
lateral,2190
vicryl,2189
abdomen,2186
obtained,2181
medical,2172
day,2154
operating,2151
approximately,2149
clear,2139
heart,2129
significant,2129
preoperative,2106
surgery,2089
both,2088
evidence,2074
given,2048
tissue,2041
condition,1971
exam,1967
side,1964
suture,1945
about,1939
small,1917
sterile,1914
denies,1906
stable,1903
catheter,1881
physical,1867
bilaterally,1860
done,1847
intact,1839
seen,1821
very,1819
loss,1796
prepped,1792
care,1790
mild,1786
distal,1785
findings,1780
family,1779
daily,1777
complications,1777
extremities,1740
head,1738
wound,1738
symptoms,1736
other,1726
draped,1716
none,1713
bilateral,1699
under,1683
plan,1675
identified,1660
level,1660
prior,1658
within,1644
showed,1636
rate,1632
coronary,1619
signs,1614
once,1606
brought,1595
diagnoses,1592
next,1592
bleeding,1591
further,1573
bone,1568
above,1567
surgical,1555
hospital,1550
would,1547
soft,1544
per,1511
needle,1506
acute,1504
bladder,1501
proximal,1491
muscle,1487
dissection,1487
female,1474
than,1465
medial,1464
allergies,1463
found,1459
nerve,1437
abdominal,1431
when,1418
him,1416
tube,1407
tolerated,1406
more,1405
again,1397
years,1395
status,1391
bowel,1390
mass,1388
these,1386
chronic,1383
point,1383
discussed,1370
use,1368
today,1360
applied,1355
off,1346
first,1337
cervical,1337
unremarkable,1331
days,1320
review,1315
evaluation,1314
fascia,1313
knee,1312
hemostasis,1292
where,1292
difficulty,1292
discharge,1289
weight,1269
treatment,1268
following,1266
however,1265
joint,1261
home,1258
during,1252
last,1251
recovery,1244
foot,1241
states,1234
they,1230
three,1227
illness,1227
extremity,1225
may,1212
weeks,1209
pulmonary,1209
place,1189
subcutaneous,1184
revealed,1183
post,1179
eye,1178
stenosis,1160
vital,1160
attention,1159
sutures,1157
usual,1157
large,1154
impression,1152
vein,1151
risks,1143
total,1138
femoral,1137
multiple,1131
regular,1130
edema,1128
aspect,1127
problems,1124
systems,1121
could,1112
severe,1111
supine,1110
site,1108
hypertension,1107
white,1106
male,1105
inserted,1104
second,1104
see,1095
renal,1083
operative,1081
ago,1081
infection,1079
fracture,1077
since,1076
lesion,1074
including,1074
changes,1066
consent,1061
throughout,1054
end,1051
midline,1048
having,1037
appropriate,1036
due,1030
tendon,1024
respiratory,1020
carried,1016
therapy,1016
able,1010
mother,1006
inferior,998
secondary,997
social,997
wall,993
positive,988
because,985
spine,985
running,984
low,984
interrupted,983
being,980
ligament,978
nasal,974
size,973
now,970
along,963
tumor,958
follow,957
fluid,955
irrigated,955
pulse,952
elevated,951
followed,951
appeared,946
minutes,945
endotracheal,944
previous,942
estimated,937
just,937
lesions,934
cancer,931
blade,929
cardiac,924
full,923
portion,920
mri,919
emergency,911
possible,911
rhythm,911
french,909
heent,907
age,900
high,899
week,897
superior,897
course,895
table,894
biopsy,892
space,886
breath,885
external,880
free,880
months,878
body,875
sent,865
scan,862
breast,858
motion,857
disc,857
masses,854
need,853
assessment,853
felt,852
ray,851
moderate,850
hours,845
only,845
region,834
diabetes,832
cord,832
dissected,830
carotid,828
around,827
operation,824
increased,816
times,814
current,814
weakness,811
motor,809
adequate,807
admitted,806
placement,803
indications,801
distress,801
minimal,795
count,791
sounds,790
developed,789
advanced,789
informed,787
shoulder,787
deep,783
shows,782
lobe,780
range,778
currently,777
lungs,777
continue,776
local,775
type,773
technique,771
arm,769
tenderness,766
leg,766
upon,765
injury,764
started,761
wire,761
ventricular,758
detail,757
nontender,754
internal,751
decreased,751
several,750
most,747
saline,745
underwent,744
lumbar,743
spinal,742
dorsal,736
drug,734
sheath,732
transverse,732
cut,732
alert,730
atrial,728
sinus,728
its,727
otherwise,725
alcohol,725
vomiting,723
admission,723
valve,719
swelling,719
long,713
injected,712
transferred,712
consistent,712
nausea,710
four,709
colon,701
uterus,701
appears,698
open,695
sleep,693
benefits,691
recent,690
complete,689
should,688
lung,688
subsequently,687
temperature,686
passed,685
complaint,682
aortic,679
amount,679
test,679
risk,677
turned,676
description,676
repair,675
closure,675
tourniquet,674
function,674
additional,674
office,674
dressing,673
lidocaine,671
failure,668
length,666
shortness,664
until,663
urine,662
fever,661
liver,658
reported,658
ankle,656
between,655
less,655
reviewed,653
pounds,651
visualized,651
air,650
case,649
electrocautery,646
known,643
cavity,642
light,641
can,639
oral,638
brain,636
followup,632
procedures,632
contrast,629
satisfactory,627
system,625
hip,625
discharged,625
change,624
syndrome,623
cardiovascular,621
mid,621
port,618
continued,617
vessel,617
each,617
department,616
graft,614
night,613
reports,613
ear,611
our,610
reason,609
morning,608
received,606
neurologic,605
reveals,605
like,604
sedation,604
treated,603
work,601
pathology,598
direct,598
laboratory,598
solution,597
taking,595
base,593
hernia,592
strength,591
flap,590
vision,589
muscles,588
presented,587
removal,587
anesthetic,586
note,585
middle,585
screws,583
get,582
carefully,580
excellent,579
stent,575
thyroid,574
same,574
make,574
month,571
cell,570
medication,569
scissors,567
chief,566
auscultation,564
administered,564
proceed,560
control,559
hand,558
antibiotics,556
completed,554
pelvis,554
metatarsal,552
dry,548
line,547
limits,547
associated,546
oriented,544
what,544
supple,544
degrees,543
mucosa,542
while,541
nose,540
abc,538
marcaine,537
previously,536
clinic,535
areas,534
going,534
abnormalities,533
unable,532
kidney,532
still,531
active,531
canal,528
ultrasound,528
dose,528
return,528
xyz,528
data,525
laterally,524
murmur,524
abnormal,523
pelvic,522
slightly,520
central,520
correct,520
lymph,520
venous,518
initially,517
vascular,517
tissues,517
denied,515
doing,514
study,514
studies,513
descending,510
opened,510
flow,509
although,509
here,509
block,508
greater,508
mmhg,507
sponge,507
surface,507
sensory,507
prostate,505
presents,503
recurrent,503
needed,501
non,501
questions,500
resection,500
mouth,499
visualization,499
equal,499
rest,498
specimen,498
secured,498
sharp,497
activity,497
achieved,496
tear,495
tip,493
throat,493
cough,491
compression,491
across,488
aorta,488
grade,487
scope,486
include,486
likely,485
carpal,485
third,484
recently,484
primary,484
every,483
subcuticular,479
directed,479
round,479
vaginal,479
stomach,479
visual,478
completely,478
cuff,477
speech,477
demonstrated,476
bovie,476
described,475
palpable,473
reflexes,473
quadrant,473
much,473
better,471
drain,470
common,469
eyes,468
gait,467
injection,467
stated,467
obstruction,466
confirmed,466
returned,466
pulses,465
uterine,464
stress,463
quite,463
diet,462
father,462
standard,461
branch,460
results,458
minute,458
visit,457
plantar,456
urinary,456
gallbladder,455
patent,455
divided,453
complaints,452
manner,452
unit,452
plate,450
pupils,449
few,449
stage,449
incised,446
facial,445
cautery,445
extended,445
reactive,444
based,444
rectal,444
creatinine,443
prolene,443
evaluated,442
epinephrine,442
disk,442
entire,440
headaches,440
main,440
sac,437
explained,437
hemoglobin,437
went,436
little,435
nylon,435
take,435
units,435
fat,435
related,434
clinical,432
sided,432
improved,432
entered,431
appear,431
screw,428
process,427
consultation,426
below,426
nerves,426
depression,425
report,424
diagnosed,424
began,424
child,423
therefore,423
capsule,423
you,422
adhesions,421
new,421
grossly,420
foley,420
physician,418
reduction,418
before,418
such,418
blunt,418
layer,418
recommended,417
five,415
abcd,415
marked,414
carcinoma,413
monocryl,411
via,411
single,411
temporal,410
pleasant,409
feet,409
grasped,409
diarrhea,409
images,407
irrigation,406
short,406
drainage,406
ekg,406
peripheral,406
similar,406
bed,406
palpation,405
created,405
fixation,404
erythema,404
saw,404
scalpel,403
tunnel,402
insertion,402
utilizing,401
testing,400
later,400
sensation,400
initial,399
vessels,399
guidewire,398
repeat,398
fibrillation,396
regarding,396
partial,395
disorder,395
counts,394
numbness,394
management,394
help,393
distally,392
remaining,391
diagnostic,391
cervix,391
pregnancy,391
controlled,390
addition,390
neurological,389
decompression,389
twice,387
except,386
inguinal,386
intraoperative,386
balloon,386
lives,386
ligated,385
cranial,384
remove,384
musculoskeletal,384
deformity,383
enlarged,382
bony,382
lymphadenopathy,382
effusion,381
nodes,381
face,381
defect,380
mom,380
silk,378
aspirin,378
vertebral,377
half,377
degenerative,377
respirations,376
antibiotic,376
hour,376
oxygen,376
came,375
clamp,375
laparoscopic,374
steri,373
potassium,372
degree,372
root,372
way,371
cyanosis,371
gross,370
psychiatric,370
proximally,369
chamber,368
retracted,368
asked,368
suite,368
stitch,368
normocephalic,367
appearing,367
section,367
excised,367
tibial,366
pneumonia,365
delivery,365
final,365
catheterization,365
field,363
oropharynx,363
movements,363
outpatient,362
residual,362
discomfort,362
chills,362
strips,362
bypass,361
complex,360
instructions,360
systolic,360
put,359
red,359
indication,359
guide,359
order,359
trocar,358
structures,358
inspected,358
close,357
anemia,356
glucose,354
toe,354
hematoma,354
told,353
referred,353
utilized,352
ventricle,352
them,352
problem,352
obvious,351
excision,351
esophagus,350
easily,350
aspiration,347
thought,347
membranes,346
bipolar,346
positioned,345
appearance,345
teeth,345
limited,345
flexion,344
focal,344
gentleman,342
benign,342
tobacco,342
probably,341
released,340
hearing,340
layers,340
near,340
rectus,340
finger,339
anteriorly,338
bit,337
six,337
segment,337
please,337
anastomosis,337
ulnar,337
died,336
underlying,336
away,336
copiously,336
dilated,335
chart,335
extubated,335
extension,334
device,334
baby,333
circumflex,333
suction,331
healthy,331
pleural,331
fusion,331
node,330
parents,329
remained,329
episodes,328
increase,328
recommendations,327
apparently,327
epidural,327
copious,326
show,325
mental,324
somewhat,323
straight,323
cannula,322
check,322
superficial,321
trachea,321
another,321
reapproximated,321
axis,321
tongue,321
resected,321
poor,320
children,320
material,319
tubes,319
adenopathy,318
fifth,318
mentioned,318
cyst,318
plain,318
medially,317
issues,317
worse,316
peritoneum,315
incisions,315
health,315
radial,315
release,315
daughter,315
number,314
flushed,313
apparent,313
stroke,312
wife,312
center,312
double,312
smoking,311
osteotomy,311
wrist,311
improvement,310
headache,310
tone,310
clock,310
biopsies,310
ring,309
arteries,308
scar,307
suctioned,307
diffuse,307
fluids,307
csf,307
arthritis,307
resolved,306
forceps,306
either,305
think,305
sites,305
cystic,305
diameter,304
betadine,304
perform,303
septum,303
intravenous,303
protein,303
call,303
extending,302
clubbing,302
introduced,302
colonoscopy,302
term,302
rash,302
lead,301
alternatives,301
capsular,300
tract,300
completion,300
clamped,300
delivered,299
axillary,299
activities,299
presentation,298
movement,298
occasional,298
duct,298
levels,297
radiation,297
rule,295
lid,295
cells,295
routine,294
posteriorly,294
echocardiogram,294
iliac,293
married,293
coumadin,293
sign,293
transected,292
junction,292
component,291
cartilage,290
bun,290
appreciated,290
moist,290
hematocrit,288
workup,288
atraumatic,288
chromic,288
shunt,288
said,288
abuse,288
exposure,287
exposed,287
abscess,287
breathing,287
extensive,286
inch,286
memory,286
staples,286
gauge,286
calcium,285
information,285
difficult,285
rays,285
husband,285
intervention,284
response,284
onset,283
part,283
cbc,283
culture,282
edges,282
subjective,281
eight,281
saturation,281
least,281
state,281
approximated,281
actually,281
trial,280
pedicle,280
drill,280
floor,280
immediately,280
needs,279
details,279
murmurs,279
drains,278
flexor,278
imaging,278
instructed,278
fluoroscopy,278
episode,278
height,277
ears,277
tooth,277
inspection,277
reflux,276
inferiorly,276
involving,276
obstructive,276
feel,276
insulin,276
amounts,275
frontal,275
seems,275
allowed,275
lens,274
measuring,274
superiorly,274
myocardial,274
reflected,273
towards,273
view,273
longus,272
great,272
continuous,272
anxiety,271
scheduled,271
dura,270
sutured,270
woman,270
feeling,269
cultures,269
elbow,269
specimens,269
ejection,269
appropriately,268
fetal,268
knife,268
feels,268
stool,267
withdrawn,267
provided,267
examined,266
school,265
pacemaker,265
oblique,265
replacement,264
lumen,264
self,264
monitoring,264
allow,264
angiogram,263
extensor,263
checked,263
inflated,263
contact,263
fall,262
trauma,262
hemorrhage,261
access,261
ureteral,261
foreign,261
required,261
thigh,260
afebrile,260
fevers,260
seizure,259
warm,258
tied,258
versus,258
unknown,257
accident,257
sodium,257
thoracic,256
avoid,256
continues,256
overall,255
bruits,255
symmetric,254
vitamin,254
airway,254
mildly,253
period,253
gave,253
measures,252
mellitus,252
nourished,252
lad,252
prescription,252
infiltrated,252
gastric,251
awake,251
separate,251
simple,251
mitral,251
worsening,251
early,250
caucasian,250
allergic,249
angiography,249
infant,249
hypertrophy,249
notes,249
obtain,249
flat,248
joints,248
views,248
plane,248
sharply,248
awakened,248
legs,248
measured,248
included,248
gastrointestinal,248
decided,247
reduced,247
angle,247
rectum,247
appendix,246
fraction,246
overlying,246
phalanx,246
mcg,246
sure,245
longitudinal,245
palate,245
affect,244
opening,244
takes,243
xylocaine,243
slight,243
stay,243
evaluate,243
palpated,242
nondistended,242
seizures,242
margin,242
food,241
speculum,241
held,241
veins,241
fluoroscopic,241
fairly,240
penis,240
tylenol,240
fact,240
result,240
metzenbaum,239
date,239
mood,239
pole,238
rashes,238
service,238
exercise,238
advised,238
answered,238
getting,237
discussion,237
nature,237
versed,237
laceration,237
possibility,237
increasing,236
implant,236
took,235
fatigue,235
pack,235
undergo,235
extraocular,235
many,235
whether,234
itself,234
available,234
volume,234
discectomy,234
hematuria,233
became,233
illicit,233
instrument,233
major,232
proceeded,232
patella,232
asthma,232
peritoneal,232
progressive,232
pending,231
comes,231
noticed,231
inches,231
intubated,231
bag,230
disposition,230
thin,230
walking,230
intermittent,230
monitored,229
rotator,229
support,228
ligaments,228
persistent,228
touch,228
foramen,227
cataract,227
marginal,227
possibly,226
working,225
radiculopathy,225
apnea,225
chemotherapy,225
appointment,225
options,225
future,225
understood,224
surrounding,224
lab,224
walk,223
your,223
dyspnea,223
wheezing,222
attached,222
pink,222
pressures,222
stone,221
smoke,221
septal,221
branches,221
dressings,220
hysterectomy,220
pattern,220
dental,219
even,219
regurgitation,218
edge,218
inr,218
induced,218
give,218
ascending,218
indicated,218
decrease,217
yesterday,217
microscope,217
modified,217
narrowing,217
congestion,217
sitting,216
nursing,216
man,216
retractor,216
subclavian,216
clean,215
cannot,215
cutting,215
packed,214
maintained,214
significantly,214
toes,214
wounds,214
tests,214
emg,214
especially,213
according,213
separated,212
iii,212
arterial,212
agreed,212
metastatic,211
curved,211
says,211
polyps,210
groin,210
incontinence,210
sagittal,210
american,209
wedge,209
heparin,209
clamps,209
insufficiency,208
living,208
noncontributory,208
deficits,208
intubation,208
consult,208
alignment,208
transported,208
eating,207
ureter,207
cerebral,207
signal,207
sister,207
lot,207
really,207
remainder,207
cholecystectomy,207
brief,206
atrium,206
sides,206
protocol,206
linear,206
rotation,206
stopped,205
border,205
improve,205
rubs,205
obesity,205
facet,205
start,205
ordered,205
urethra,205
attempt,205
sclerae,204
recommend,204
painful,204
apex,204
brother,204
neuropathy,204
infarction,204
herniated,203
forearm,203
pulled,202
scalp,202
drugs,202
thyromegaly,202
puncture,202
location,202
elevation,202
got,202
connected,201
objective,201
bluntly,201
umbilicus,201
slowly,201
how,200
fistula,200
interval,200
endoscopy,200
form,199
sigmoid,199
prominent,199
hole,199
basis,199
excess,198
never,198
station,198
retrograde,197
diagonal,197
polyp,197
cross,197
occurred,197
potential,197
approach,196
margins,196
dysphagia,195
inflammation,195
inflammatory,195
dressed,195
proper,195
genitourinary,195
though,195
essentially,194
necessary,194
frequency,194
esophageal,193
demonstrates,193
pacu,193
combination,193
attempted,192
filled,192
instrumentation,192
color,192
gland,192
surgeries,192
posterolateral,192
functional,191
prednisone,191
wires,191
summary,191
cooperative,191
platelet,191
complaining,191
biceps,191
person,190
hands,190
thickening,190
involved,190
tympanic,190
median,190
starting,190
cecum,190
hospitalization,190
plus,190
figure,190
cleared,189
dysfunction,189
thickness,189
thoroughly,189
atrophy,189
aneurysm,189
hypothyroidism,188
vagina,188
nucleus,188
mucosal,188
spontaneous,188
cause,188
monitor,188
cleaned,187
african,187
try,187
appetite,187
couple,186
spondylosis,186
induction,185
knees,185
horizontal,185
meds,185
palpitations,185
locking,185
reveal,184
digital,184
sterilely,184
decision,184
reaction,184
effect,184
consisting,184
congestive,184
tension,184
requiring,183
set,183
changed,183
best,183
caliber,183
identify,182
swallowing,182
planned,182
stimulation,182
cement,182
umbilical,182
lasix,182
careful,181
femur,181
padded,181
occasionally,181
doctor,181
ovary,181
orbital,181
complains,180
pericardial,180
pocket,180
removing,180
debridement,180
fascial,179
outside,179
tested,179
injuries,179
organomegaly,179
image,179
vehicle,179
cystoscopy,179
fossa,179
interspace,179
ports,179
cauterized,179
chloride,179
flank,178
adrenal,178
fully,178
appendectomy,178
adjacent,178
cold,178
gallops,178
jugular,178
testis,178
drink,178
hepatosplenomegaly,178
holding,177
plaque,177
probe,177
pds,177
tibia,177
provide,177
rongeur,177
hyperlipidemia,177
cholesterol,176
xii,176
encountered,176
symmetrical,176
constipation,175
moved,175
benefit,175
wheezes,175
anesthetized,175
worked,175
tachycardia,175
called,175
finally,175
prolonged,175
prepared,175
feeding,175
water,175
guidance,175
drops,175
dizziness,175
sinuses,175
cognitive,174
retractors,174
failed,174
wbc,174
showing,173
angioplasty,173
tablet,173
requested,173
fine,173
urinalysis,173
bandage,173
pump,173
abnormality,173
evening,173
preoperatively,173
spleen,173
consider,172
dysuria,172
lost,172
verified,172
established,172
percussion,172
hardware,172
enlargement,171
hemostatic,171
bronchoscope,171
prone,171
located,171
intraocular,171
keep,171
already,171
axial,171
maximum,171
mucous,171
iron,170
immediate,170
osteoarthritis,170
reflex,170
hard,170
constitutional,170
know,170
parietal,170
origin,169
safety,169
fourth,169
birth,169
hemostat,169
fractures,168
vena,168
too,168
stitches,168
auditory,168
experienced,168
patellar,168
rim,168
accomplished,168
series,168
elected,168
neural,168
seconds,167
lithotomy,167
scale,167
reconstruction,167
conservative,167
frequent,167
conjunctivae,167
moderately,167
perforation,167
permanent,167
patch,167
tender,167
analysis,166
thrombosis,166
underneath,166
tablets,166
obese,166
december,166
records,166
reportedly,165
labs,165
cortical,164
occlusion,164
syncope,164
difficulties,164
saphenous,164
prophylaxis,163
genitalia,163
injections,163
cava,163
transfer,163
contents,163
rotated,163
entry,162
irregular,162
require,162
pre,162
specific,162
hepatitis,162
bodies,162
repaired,162
heard,162
dvt,162
veress,161
fentanyl,161
arms,161
dementia,161
despite,161
thus,161
refill,161
come,161
observed,161
tsh,161
platelets,161
might,160
collateral,160
flaps,160
hallux,160
cigarettes,160
ovarian,160
smooth,160
drawn,160
impacted,160
relatively,159
conduction,159
primarily,159
stab,159
compartment,158
herniation,158
sweats,158
portal,158
preserved,158
maxillary,158
esmarch,158
complained,158
band,158
generalized,157
loose,157
impairment,157
tms,157
probable,157
mandible,157
question,157
fold,157
wave,156
prevent,156
ischemic,156
works,156
clips,156
traction,156
neurovascular,156
scrotal,156
baseline,156
vicodin,156
nuclear,156
allograft,155
seemed,155
concerns,155
bedtime,155
ulcer,155
quit,155
young,155
lisinopril,155
endocrine,154
articular,154
duodenum,154
resting,154
pmh,154
clearly,153
etiology,153
diabetic,153
beats,153
freed,153
title,153
transplant,153
lumbosacral,153
ointment,152
repeated,152
tonsil,152
covered,152
perfusion,151
obtaining,151
output,151
replaced,151
rales,151
believe,151
name,151
capillary,151
dominant,151
aspirated,150
tried,150
ptt,150
postop,150
mixture,150
nipple,150
maternal,150
ahead,149
gastroesophageal,149
absent,149
different,149
plavix,149
factors,149
includes,149
percutaneous,148
fallopian,148
membrane,148
gauze,148
nurse,148
pin,148
portions,148
tingling,148
written,148
clots,147
documented,147
cephalic,147
symptomatic,147
breasts,147
copd,147
etc,147
drinks,147
eeg,147
successful,147
acid,147
directly,147
laid,147
signed,147
mattress,147
penicillin,146
points,146
lying,146
beginning,146
mayo,146
deflated,146
making,146
observation,146
rhonchi,145
periosteum,145
bacitracin,145
life,145
elevator,145
osteophytes,145
profile,145
mixed,144
approximate,144
mobilized,144
subsequent,144
prescribed,144
event,144
meniscus,144
recurrence,144
serial,144
suspicious,144
standing,144
nonsmoker,144
endoscope,143
step,143
laminectomy,143
direction,143
ensure,143
metatarsophalangeal,143
prep,143
setting,143
periosteal,143
distribution,142
cannulated,142
cva,142
diastolic,142
causing,142
july,142
purulent,142
eyelid,142
concerned,142
implantation,142
instilled,142
surgeon,142
fell,141
otitis,141
arch,141
rapid,141
excessive,141
frozen,141
concern,141
pouch,141
comfortable,141
gram,141
dilator,141
testicle,141
those,141
fragment,140
albuterol,140
intensive,140
enough,140
dialysis,139
interpretation,139
subdural,139
gets,139
fhx,139
pneumatic,139
calf,139
lip,139
score,139
relief,139
bur,138
placenta,138
rupture,138
thick,138
tonsillar,138
drilled,138
media,138
ischemia,138
coronal,138
steroid,138
particularly,138
oximetry,138
split,137
deepened,137
selective,137
icu,137
extra,137
understanding,137
loop,137
pigtail,137
labor,137
cruciate,137
lap,136
wide,136
herself,136
handed,136
hemorrhoids,136
together,136
discontinued,136
bulging,136
obtuse,136
recall,136
coming,136
discuss,136
quality,136
wanted,136
retraction,136
understands,135
strong,135
shx,135
craniotomy,135
compared,135
platysma,135
leak,135
markedly,135
clinically,135
systemic,135
fingers,135
effects,135
gradient,135
gently,134
topical,134
decubitus,134
ulcers,134
suicidal,134
roll,134
prognosis,134
medicine,134
beta,134
hct,134
nodules,134
trace,134
corneal,134
laparotomy,134
cesarean,134
laryngeal,133
basal,133
responses,133
liters,133
exploration,133
recommendation,133
tomorrow,133
fixed,133
intracranial,133
suggestive,133
penile,133
fields,133
gallop,133
adequately,132
vocal,132
partially,132
insufflated,132
intercostal,132
identification,132
tricuspid,132
preparation,132
revision,132
kerlix,132
shaft,132
holes,132
describes,131
aid,131
infusion,131
drained,131
displaced,131
shape,131
groove,131
june,131
attachments,131
soaked,131
bronchoscopy,131
gas,131
dependent,131
look,130
morphine,130
window,130
doses,130
jvd,130
verbal,130
sore,130
guarding,130
treatments,130
tight,130
melena,129
distention,129
hypertrophic,129
conditions,129
endoscopic,129
tracheostomy,129
brachial,129
pharynx,129
lamina,129
normally,129
roots,129
son,129
maintain,129
sized,128
rebound,128
facility,128
catheters,128
finding,128
consulted,128
ace,128
administration,128
encouraged,128
behind,128
crease,128
stools,128
sustained,128
assess,128
stones,127
almost,127
index,127
cortex,127
ounces,127
ice,127
calcification,127
spinous,127
instability,127
true,127
swallow,127
create,127
team,126
intrauterine,126
preop,126
bile,126
doubly,126
extraction,126
digits,126
ankles,126
aggressive,126
distended,126
undergone,126
correction,125
cardiopulmonary,125
coagulation,125
assistance,125
anatomic,125
digit,125
scrotum,125
expose,125
heavy,125
infected,124
fair,124
far,124
top,124
hallucinations,124
dysarthria,124
radical,124
healed,124
isolated,124
infections,124
tonsils,124
arthroplasty,124
aware,124
sugar,124
stapler,124
trying,123
find,123
fit,123
piece,123
gradually,123
solid,123
planning,123
alt,123
desires,123
notch,123
xxx,123
forward,123
boy,123
born,123
allergy,123
job,122
curette,122
distraction,122
orthopedic,122
admits,122
nasopharynx,122
unchanged,122
minor,122
pad,122
marrow,121
matter,121
protected,121
postoperatively,121
debris,121
raised,121
events,121
adnexal,120
diaphragm,120
suprapubic,120
rather,120
filling,120
vault,120
november,120
fibroid,120
surfaces,120
components,120
cheek,120
dried,120
conclusion,119
camera,119
ethibond,119
exertion,119
goal,119
earlier,119
omentum,119
exudate,119
liquid,119
sternocleidomastoid,119
glenoid,119
extremely,118
ileum,118
complication,118
staff,118
epigastric,118
deferred,118
fragments,118
differential,118
pass,118
screening,118
conscious,118
speed,118
splint,118
ancef,118
quadrants,118
aphasia,117
cellulitis,117
lack,117
sample,117
anatomy,117
adult,117
pains,117
occipital,117
placing,117
debrided,117
pronator,117
endometrial,117
serum,117
vas,117
become,117
pediatric,117
velocity,116
healing,116
canals,116
dissect,116
expected,116
neoplasm,116
dural,116
dilation,116
condyle,116
anything,116
questionable,116
certainly,116
lady,116
laser,116
stem,116
vertical,116
reading,116
coughing,116
seem,115
cycle,115
flexible,115
widely,115
ast,115
onto,115
seeing,115
hold,115
hemoptysis,115
frequently,115
hiatal,115
suspected,115
metoprolol,115
longer,115
august,114
tenaculum,114
january,114
neuro,114
humerus,114
nares,114
impingement,114
hospitalized,114
candidate,114
allis,114
worsened,114
ligation,114
laparoscope,114
adenocarcinoma,114
terms,114
formation,114
volar,114
moving,113
demonstrate,113
bulk,113
carbohydrate,113
kept,113
attachment,113
tape,113
conjunctiva,113
obturator,113
receive,113
coordination,113
tremor,113
ovaries,113
determined,113
gives,113
hair,112
ostium,112
voice,112
tolerate,112
gut,112
spaces,112
pacing,112
operations,112
osteophyte,112
bruit,112
rib,112
hpi,111
cup,111
numerous,111
indicates,111
albumin,111
postanesthesia,111
assisted,111
retired,111
shaped,111
video,111
slow,111
trouble,111
bronchus,111
contour,111
growth,111
presence,111
leads,111
things,111
october,111
stability,111
meal,110
balance,110
situation,110
dilatation,110
panel,110
hiv,110
immunizations,110
tracheal,110
wished,110
meticulous,110
tubal,110
gen,110
usually,110
foraminal,110
infraumbilical,110
rub,110
recheck,110
bunion,110
caused,110
instruments,110
treat,110
progressively,109
limb,109
skull,109
cardiology,109
kerrison,109
effort,109
processes,109
plans,109
move,109
resistance,109
confirm,109
waiting,109
calcified,109
retaining,109
arthroscopic,109
squamous,108
vitals,108
caudal,108
intake,108
unclear,108
paroxysmal,108
evident,108
etoh,108
respectively,108
meals,108
rehabilitation,107
doppler,107
calculated,107
regions,107
improving,107
assist,107
gastrostomy,107
development,106
diplopia,106
substance,106
mean,106
lipitor,106
sacral,106
mesh,106
peak,106
adenoid,106
okay,106
pectoralis,106
gelfoam,105
anticoagulation,105
sensitivity,105
hydrocephalus,105
attempts,105
hook,105
osseous,105
power,105
embolism,105
pulposus,105
incident,105
fibrosis,105
glands,105
lymphatic,105
jackson,105
heel,105
stiffness,105
cords,105
weak,105
fasting,105
bleed,105
deviation,105
weighted,104
involvement,104
cast,104
cleansed,104
angina,104
migraine,104
larger,104
yellow,104
exposing,104
explored,104
dye,104
sometimes,104
collection,104
medium,104
levaquin,103
personal,103
waves,103
thumb,103
sepsis,103
stricture,103
broad,103
against,103
request,103
scarring,103
grafts,103
maneuver,103
shift,103
fundus,103
neurology,103
remarkable,103
smoker,102
appendicitis,102
leaving,102
para,102
bilirubin,102
damage,102
bimanual,102
sternal,102
lifting,102
progress,102
closely,102
gestational,102
ent,102
dense,102
fiberoptic,102
diminished,102
beneath,102
strap,102
asymmetry,101
alone,101
laparoscopy,101
drift,101
prostatic,101
yyyy,101
nodule,101
sedated,101
seated,101
amplitude,101
suggested,101
jaw,101
specifically,101
accommodation,101
lips,101
seven,101
hypercholesterolemia,101
wrapped,100
protect,100
labrum,100
visible,100
medrol,100
rheumatoid,100
deficiency,100
apical,100
gravida,100
ruptured,100
mostly,100
firm,100
cath,100
beyond,100
bulb,100
rhinitis,100
bifurcation,100
developmental,100
pap,100
cosmetic,100
cephalad,100
secretions,100
undyed,99
saturations,99
localized,99
cholecystitis,99
romberg,99
grams,99
average,99
borderline,99
spontaneously,99
begun,99
orthopnea,99
exchanged,99
pedal,99
receiving,99
april,99
deficit,99
referral,99
drop,99
factor,98
transfusion,98
cpt,98
enhancement,98
testes,98
remains,98
compatible,98
digitorum,98
screen,98
own,98
ends,98
consciousness,98
spray,98
pursestring,98
paraspinal,98
tendons,98
wet,97
functioning,97
needles,97
webril,97
cardioplegia,97
subacromial,97
nicely,97
mammary,97
thank,97
jaundice,97
talked,97
himself,97
cytology,97
suggesting,97
eventually,97
complicated,97
redness,97
unfortunately,97
ventral,97
grandmother,97
anicteric,97
circumcision,97
reached,97
distance,96
flush,96
nor,96
list,96
behavior,96
spoke,96
endometriosis,96
experiencing,96
defects,96
reduce,96
depressed,96
bmp,96
looked,96
duration,96
clipped,96
annular,96
mac,96
orientation,96
march,96
tonsillectomy,96
caries,96
thickened,96
presenting,96
urethral,96
antegrade,96
listed,96
kidneys,96
synthroid,96
uihc,95
record,95
complain,95
drinking,95
coord,95
terminal,95
xeroform,95
scleral,95
threaded,95
sputum,95
sudden,95
particular,95
glans,95
ble,95
glaucoma,95
ongoing,95
overnight,95
clot,95
code,95
digoxin,95
notable,95
live,95
counseling,95
positioning,95
turbinate,94
pus,94
mask,94
looks,94
calories,94
pituitary,94
humeral,94
crystalloid,94
additionally,94
causes,94
orifice,94
cornea,94
always,94
urgency,94
eat,94
bid,93
independent,93
guided,93
atelectasis,93
thoracotomy,93
deltoid,93
smokes,93
circumferential,93
run,93
critical,93
gestation,93
titanium,93
generally,93
mediastinal,93
disability,92
spent,92
inside,92
egd,92
fresh,92
exsanguinated,92
returns,92
partner,92
counter,92
curettage,92
assessed,92
extent,92
ulceration,92
mobile,92
sugars,92
core,92
phacoemulsification,92
walker,91
soon,91
late,91
optic,91
goals,91
cerebellar,91
effusions,91
ligature,91
psa,91
protrusion,91
prominences,91
closing,91
sleeping,91
nitroglycerin,91
insight,91
grafting,90
bring,90
pancreas,90
ibuprofen,90
swollen,90
colli,90
infiltrate,90
smaller,90
monday,90
curvilinear,90
black,90
hydrocele,90
ambulation,90
viable,90
retention,90
limbus,90
entirety,90
september,90
buccal,90
answer,89
achilles,89
diverticulosis,89
tented,89
malignancy,89
ideation,89
reasonable,89
harmonic,89
want,89
endplate,89
atrophic,89
severity,89
cancellous,88
inverted,88
lines,88
multivitamin,88
hemostats,88
dated,88
gag,88
understand,88
giving,88
mobility,88
identifying,88
lift,88
temp,88
judgment,88
confusion,88
hepatic,88
demerol,88
tumors,88
program,88
viscoelastic,88
resulting,88
driving,88
habits,87
gain,87
performing,87
employed,87
interview,87
develop,87
bruising,87
spasm,87
microscopic,87
remote,87
severely,87
periods,87
hallucis,87
met,87
arthrodesis,87
selected,87
allowing,87
elements,87
bue,87
thecal,87
calcifications,86
seldinger,86
retinal,86
cpap,86
ventriculogram,86
considered,86
ill,86
decompressed,86
sick,86
bundle,86
axilla,86
ratio,86
nonspecific,86
bones,86
lymphoma,86
syringe,86
dermabond,86
intractable,86
regimen,86
packs,86
viral,86
turbinates,86
looking,86
cat,86
cholelithiasis,86
inpatient,86
pancreatic,86
opinion,86
bicarbonate,86
toward,86
inner,86
energy,85
fullness,85
represent,85
bolus,85
uvula,85
tolerating,85
admit,85
babinski,85
aspects,85
necrotic,85
application,85
stop,85
stand,85
language,85
seal,85
radicular,85
pneumoperitoneum,85
cartilaginous,85
begin,85
sphincter,85
cocaine,85
hydronephrosis,85
bactrim,85
unresponsive,85
ended,85
density,84
shoulders,84
sprain,84
perineum,84
malignant,84
terminated,84
implants,84
delayed,84
suggest,84
burr,84
elderly,84
source,84
refer,84
determine,84
trocars,84
entering,84
scans,84
esophagitis,84
education,84
stain,83
members,83
constant,83
remember,83
crackles,83
bedside,83
read,83
occluded,83
model,83
regards,83
pertinent,83
chair,83
kling,83
intensity,83
injured,83
penrose,83
musculature,83
shaver,83
radiology,83
steroids,83
add,82
degeneration,82
electrical,82
foods,82
cul,82
refractory,82
naming,82
acne,82
prosthesis,82
withdrawal,82
recorded,82
falls,82
rca,82
ectopic,82
hot,82
subscapularis,82
heparinized,82
meatus,82
protection,82
group,82
foreskin,81
ten,81
nonfocal,81
moves,81
intramedullary,81
muscular,81
lavage,81
lacerations,81
pubic,81
nail,81
sacroiliac,81
shaved,81
retinaculum,81
antrum,81
exacerbation,81
synovitis,81
contractions,81
attenuation,81
thinks,81
gia,81
metastasis,81
ventilator,81
chondromalacia,80
dark,80
fluent,80
percocet,80
locally,80
olympus,80
troponin,80
sinusitis,80
subperiosteal,80
longstanding,80
hemorrhagic,80
whole,80
scars,80
ptosis,80
paracentesis,80
lobes,80
angled,80
exception,80
meq,80
rise,80
nystagmus,80
ultimately,80
ativan,80
ventriculography,80
adnexa,80
traumatic,80
original,80
cream,79
slowing,79
leave,79
accompanied,79
poorly,79
pratt,79
myself,79
ocular,79
follows,79
localization,79
amputation,79
adherent,79
cns,79
uncovertebral,79
pmi,79
pleura,79
elliptical,79
comparison,79
supraclavicular,79
neuroma,78
compromise,78
groups,78
conjunctival,78
briefly,78
nothing,78
hydrochlorothiazide,78
wearing,78
sexual,78
judkins,78
metabolic,78
introducer,78
pieces,78
irregularities,78
acuity,78
drapes,78
vertigo,78
chiropractic,78
containing,78
staple,78
fiber,78
resume,78
gaze,78
alternative,77
consisted,77
decreasing,77
happy,77
preserve,77
paresthesias,77
fractured,77
heartburn,77
cannulate,77
spread,77
scattered,77
pound,77
anti,77
evacuation,77
often,77
ability,77
retroperitoneal,77
uterosacral,77
vancomycin,77
gerd,77
voiding,77
ever,77
plastic,77
interbody,77
background,77
resect,77
larynx,77
afternoon,77
bursa,76
colonoscope,76
acetabulum,76
successfully,76
malleolus,76
keeping,76
instituted,76
arthroscopy,76
manual,76
tightness,76
ganglion,76
managed,76
admitting,76
barium,76
biliary,76
circumferentially,76
esr,76
fast,76
donor,76
nasolabial,76
rod,76
perrla,76
outlined,75
codeine,75
worker,75
fibers,75
hospitalizations,75
synthes,75
radiating,75
suspect,75
achieve,75
intra,75
mesothelioma,75
skills,75
insomnia,75
capacity,75
desired,75
schedule,75
target,75
sense,75
neuropsychological,75
thereafter,75
tubercle,75
pneumothorax,75
watertight,75
stereotactic,75
regional,75
gentle,75
sequential,75
films,75
dull,75
osteoporosis,75
death,75
content,74
toprol,74
colitis,74
uses,74
buttock,74
arrival,74
friday,74
calorie,74
experience,74
basically,74
kind,74
option,74
spacer,74
bloody,74
dome,74
wants,74
freely,74
osteomyelitis,74
neutral,74
helped,74
unusual,74
iodine,74
reinserted,74
suggestion,74
osteotome,74
sterilization,74
initiated,74
lysis,74
auricular,73
exercises,73
metal,73
resolution,73
objects,73
crp,73
fasciculations,73
lightheadedness,73
medicines,73
leakage,73
deviated,73
car,73
homicidal,73
evoked,73
postprocedure,73
sexually,73
forehead,73
decadron,73
massive,73
hematologic,73
regard,73
ros,73
wheelchair,72
retractions,72
relationship,72
blocker,72
easy,72
arthrosis,72
pull,72
machine,72
planes,72
invasion,72
temporary,72
believes,72
brown,72
snare,72
lymphocytes,72
comprehensive,72
elevate,72
bright,72
mammogram,72
atherosclerotic,72
drip,72
lipid,72
weightbearing,72
anal,71
gastritis,71
rbc,71
norvasc,71
pericardium,71
higher,71
dislocation,71
adaptic,71
continuing,71
pulley,71
asleep,71
stents,71
pathologic,71
urination,71
clavicle,71
mechanical,71
iris,71
passing,71
word,71
ileocecal,71
cerebrovascular,71
prenatal,71
foramina,71
retained,71
concentration,71
spur,71
kocher,71
pda,71
sat,71
colace,71
echo,70
ball,70
snoring,70
therapeutic,70
interstitial,70
opposite,70
recovered,70
individual,70
concerning,70
fired,70
send,70
buried,70
cuts,70
sulfa,70
dad,70
icterus,70
scarpa,70
something,70
infectious,70
cystoscope,70
draining,70
grasp,70
colostomy,69
front,69
dorsum,69
myelopathy,69
hoarseness,69
incomplete,69
nephrectomy,69
occur,69
electrolytes,69
circumference,69
deemed,69
colonic,69
weighs,69
contusion,69
cricoid,69
exiting,69
entirely,69
words,69
ambulate,69
triple,69
glasses,69
compressive,69
inability,69
fibroids,69
bands,69
palm,69
attending,69
alkaline,69
bronchitis,69
mini,69
impaired,68
marking,68
hemiparesis,68
february,68
protonix,68
equally,68
indicating,68
added,68
bases,68
independently,68
gone,68
interested,68
pedis,68
blue,68
strokes,68
hemodynamic,68
perhaps,68
properly,68
methotrexate,68
angio,68
nice,68
palsy,68
bending,68
hemodialysis,68
generator,68
trimmed,68
cardiomyopathy,68
illnesses,68
exact,68
lovenox,67
rehab,67
indeed,67
infarct,67
deformities,67
congenital,67
deployed,67
unsuccessful,67
symphysis,67
popliteal,67
sternum,67
attack,67
prolapse,67
rigid,67
goes,67
insufflation,67
plates,67
agree,67
definitive,67
accessory,67
brothers,67
sheaths,67
expressed,67
rue,67
remain,67
luminal,67
yet,66
appreciate,66
catgut,66
flexure,66
upright,66
depth,66
stenting,66
consideration,66
various,66
scrubbed,66
mastoid,66
autologous,66
subcutaneously,66
segments,66
radiographs,66
outer,66
papillary,66
prescriptions,66
waist,66
fahrenheit,66
percentile,66
methadone,66
visits,66
audible,66
tia,66
ochsner,66
blake,66
shield,66
amoxicillin,66
infiltration,66
gurney,66
lesser,66
nephrostomy,66
carina,66
tibialis,65
dietary,65
formed,65
hemovac,65
peroneal,65
brevis,65
wrap,65
enhancing,65
visualize,65
thrombus,65
native,65
stump,65
wishes,65
phone,65
subglottic,65
incisional,65
packing,65
intervertebral,65
exploratory,65
reevaluation,65
relieved,65
brainstem,64
subtle,64
definite,64
folds,64
cad,64
oil,64
structure,64
temporalis,64
magnesium,64
sponges,64
thorough,64
paralysis,64
suffered,64
spect,64
bacteria,64
salt,64
siblings,64
helpful,64
anterolateral,64
atenolol,64
incise,64
skilled,64
neutrophils,64
fingerbreadths,64
delay,64
ductus,64
tones,64
trigger,63
adenoidectomy,63
raising,63
locked,63
smear,63
flexed,63
tightened,63
diamond,63
weekly,63
hygiene,63
dropped,63
asa,63
ecg,63
tuberosity,63
drape,63
meniscal,63
equals,63
transesophageal,63
sooner,63
samples,63
suicide,63
burning,63
phosphatase,63
ascites,63
bleeders,63
testicular,63
intraarticular,63
passage,63
rolled,63
horn,63
irritable,63
comprehension,63
evacuated,63
dexon,62
load,62
real,62
stating,62
harvested,62
tolerance,62
ataxia,62
reinforced,62
rare,62
daytime,62
parathyroid,62
projection,62
atypical,62
apgars,62
metformin,62
patellofemoral,62
penetration,62
aforementioned,62
scoliosis,62
tiny,62
morbid,62
milk,62
mediastinum,62
detected,62
redundant,62
yes,62
submitted,62
marker,62
psychological,62
pet,62
bradycardia,62
pfannenstiel,61
lupus,61
chf,61
liquids,61
regularly,61
arteriovenous,61
intravenously,61
progression,61
progressed,61
cardiologist,61
hopefully,61
mci,61
lortab,61
peg,61
emergent,61
bard,61
special,61
exchange,61
variable,61
vitreous,61
guarded,61
nocturnal,61
sound,61
hematemesis,61
rhf,61
relative,61
stat,60
annulus,60
bronchial,60
rhinorrhea,60
cauterization,60
lowered,60
advance,60
dissecting,60
distant,60
tie,60
steel,60
pictures,60
eustachian,60
calcific,60
ethmoid,60
corrected,60
sequentially,60
necrosis,60
interphalangeal,60
spells,60
gentamicin,60
emesis,60
hemodynamics,60
landmarks,60
reservoir,60
addressed,60
pullback,60
advancement,60
surgicel,60
displacement,60
crest,60
falling,60
dartos,60
mandibular,59
huntington,59
hematochezia,59
undergoing,59
triceps,59
discontinue,59
stairs,59
green,59
oncology,59
oozing,59
consented,59
segmental,59
syncopal,59
gray,59
eminence,59
stripped,59
basilar,59
reversed,59
pupil,59
psychomotor,59
safely,59
vacuum,59
nexium,59
parallel,59
delusions,59
ribs,59
capsulotomy,59
extracted,59
transient,59
house,59
ligamentous,59
keflex,59
excluded,59
phenergan,59
sphenoid,59
grasper,59
cart,59
hypotension,59
advair,59
global,59
flomax,59
cirrhosis,59
fashioned,59
phase,59
dictated,59
sliding,59
aerobic,59
magnification,58
cardioversion,58
limitations,58
bacterial,58
darvocet,58
hypokinesis,58
radius,58
dissector,58
serous,58
valgus,58
hit,58
sheet,58
arteriosus,58
folic,58
lma,58
pedicles,58
hips,58
autograft,58
reverse,58
gyn,58
downgoing,58
glenohumeral,58
ophthalmic,58
rongeurs,58
adenoma,58
omeprazole,58
dual,58
affected,58
everything,58
amniotic,58
therapist,58
certain,58
percent,58
undersurface,58
adverse,58
angiographic,58
shortly,58
maximal,58
presently,58
absence,58
adjusted,58
ambulating,58
pen,58
cleft,58
zyrtec,58
shown,58
weekend,57
parker,57
comminuted,57
commands,57
enzymes,57
edematous,57
anchor,57
midas,57
motrin,57
intermittently,57
curvature,57
actual,57
detailed,57
subluxation,57
htn,57
spermatic,57
requesting,57
communication,57
services,57
assistant,57
collar,57
cramping,57
sections,57
extends,57
disorders,57
chordee,57
compartments,57
dentition,57
repositioned,57
pins,57
minimally,57
tenosynovitis,57
parenchyma,57
trendelenburg,57
indicate,57
arrest,57
rapidly,57
contributing,57
pretty,57
hemorrhages,57
rubber,57
invasive,57
overweight,57
paternal,57
acting,57
emphysema,57
stabilized,56
effective,56
pulsatile,56
extreme,56
nervous,56
seroquel,56
ulcerations,56
pale,56
keratome,56
retroflexed,56
discrete,56
ecchymosis,56
mesenteric,56
desiccation,56
computer,56
agent,56
agreement,56
passive,56
bad,56
pancreatitis,56
newly,56
ablation,56
lobectomy,56
ties,56
lantus,56
peptic,56
gadolinium,56
uti,56
irritation,56
vestibular,56
coreg,56
benadryl,56
cardinal,56
pitocin,56
pads,56
similarly,56
occasions,56
deeper,55
sounded,55
shock,55
submental,55
premature,55
knows,55
dosage,55
performance,55
products,55
college,55
arrhythmia,55
rasp,55
intolerance,55
edition,55
why,55
zocor,55
measure,55
sleeve,55
ambien,55
becomes,55
relieve,55
wear,55
mainly,55
checks,55
macular,55
cover,55
totally,55
collecting,55
acquired,55
buttocks,55
radiographic,55
confused,55
latency,55
oscillating,55
circulation,55
enter,55
pills,55
adipose,55
agitation,55
snack,55
ldl,55
glenn,55
width,55
bunionectomy,55
ligamentum,55
thrombocytopenia,55
vertex,55
ask,55
polypoid,55
claritin,55
antibody,55
allegra,54
draping,54
febrile,54
gradual,54
coban,54
vesicouterine,54
moment,54
blurred,54
thrush,54
devices,54
granulation,54
strain,54
polyethylene,54
brisk,54
wax,54
prevertebral,54
noncontrast,54
abds,54
eomi,54
dog,54
retract,54
supportive,54
acoustic,54
obstructing,54
prostatectomy,54
descended,54
pushed,54
lexapro,54
positions,54
collapse,54
esophagogastroduodenoscopy,54
mobilization,54
production,54
concentric,54
balanced,54
supply,54
visually,54
pallor,54
atmospheres,54
grandfather,54
turgor,54
important,54
stick,54
foraminotomies,54
metallic,53
centimeters,53
offered,53
woke,53
vaginalis,53
telemetry,53
lids,53
address,53
hernias,53
tapped,53
thoughts,53
chosen,53
pylorus,53
periphery,53
push,53
shot,53
tends,53
temporarily,53
incising,53
guaiac,53
auscultated,53
maintaining,53
anaerobic,53
infiltrates,53
submandibular,53
epicondyle,53
clonus,53
bent,53
intraoperatively,53
varicose,53
values,53
cartilages,53
presumed,53
organs,53
tearing,53
eom,53
myringotomy,53
myoview,52
crohn,52
lose,52
tonsillitis,52
threshold,52
aponeurosis,52
plateau,52
oophorectomy,52
anxious,52
arthrotomy,52
uptake,52
prominence,52
retrobulbar,52
interpreted,52
supraspinatus,52
occupational,52
girl,52
alzheimer,52
bss,52
exudates,52
pinned,52
talking,52
tasks,52
ground,52
wheeze,52
originally,52
hyperemic,52
creation,52
petechiae,52
urology,52
dorsalis,52
resolve,52
fed,52
duplex,52
menstrual,52
seminal,52
undertaken,51
medically,51
nocturia,51
explanation,51
punch,51
recreational,51
interventions,51
random,51
histology,51
infundibulopelvic,51
anus,51
outflow,51
ramus,51
impregnated,51
calm,51
maintenance,51
rhm,51
transthoracic,51
naris,51
excursion,51
alternating,51
insurance,51
diovan,51
drilling,51
rigidity,51
furosemide,51
subarachnoid,51
shoe,51
hemiscrotum,51
cycles,51
elicited,51
anatomical,51
scissor,51
tell,51
arrived,51
coverage,50
leukocytosis,50
appendage,50
arise,50
engaged,50
writing,50
predominantly,50
revealing,50
strep,50
diffusely,50
anteverted,50
ureteropelvic,50
consumption,50
padding,50
dorsally,50
laxity,50
cysts,50
olecranon,50
cotton,50
towel,50
mark,50
continuously,50
globe,50
lasting,50
undermined,50
gated,50
palmar,50
capital,50
dermatologic,50
preservative,50
erosion,50
mammography,50
watch,50
limiting,50
photophobia,50
thighs,50
driver,50
chance,50
medtronic,50
ems,50
vibration,50
exactly,50
babcock,50
portals,50
somnolent,50
flavum,50
nails,50
trochanter,50
tinnitus,50
biopsied,50
hemisphere,49
restarted,49
elbows,49
spondylolisthesis,49
spastic,49
simply,49
refills,49
happened,49
coagulated,49
carotids,49
gotten,49
divorced,49
gums,49
consistency,49
expansion,49
clip,49
ppd,49
fibrous,49
strongly,49
tenotomy,49
nightly,49
dtrs,49
excisional,49
pathological,49
predicted,49
reciprocating,49
belly,49
inhaler,49
correlation,49
hydrated,49
cutaneous,49
dilantin,49
nearly,49
potentially,49
sulfate,49
mastisol,49
agrees,48
vulsellum,48
adenosine,48
typical,48
ostial,48
unlikely,48
turn,48
fontan,48
torn,48
toradol,48
ruled,48
likewise,48
capsulorrhexis,48
span,48
purchase,48
midface,48
transurethral,48
torsion,48
zero,48
measurements,48
pillar,48
nevus,48
dobutamine,48
gastroscope,48
augmentin,48
intracardiac,48
walls,48
augmentation,48
flu,48
stabilization,48
big,48
takeoff,48
mesoappendix,48
lue,48
projections,48
counseled,48
septic,48
contracted,48
unstable,48
erythematous,48
bowels,48
diverticulitis,48
mode,48
nonsignificant,48
volts,48
participate,48
sclerosis,48
xanax,48
fill,48
flagyl,48
university,48
dehydration,48
crystalloids,48
infused,48
opportunity,47
valvular,47
meantime,47
effacement,47
triangle,47
electrocardiogram,47
directions,47
suffering,47
tab,47
hospitalist,47
accordingly,47
sees,47
postsurgical,47
varicosities,47
mainstem,47
ventilation,47
focus,47
probed,47
glidewire,47
awakening,47
configuration,47
whom,47
awoke,47
suggests,47
zofran,47
endo,47
toenail,47
holder,47
laboratories,47
antebrachial,47
plug,47
ventricles,47
subcu,47
hypertensive,47
pulling,47
vac,47
emotional,47
taped,47
protamine,47
quadriceps,47
narrow,47
hydration,47
contacted,47
standpoint,47
verbally,47
obviously,47
respond,47
discussing,47
ductal,47
aids,47
people,47
nondisplaced,46
eyelids,46
agitated,46
clearance,46
symmetrically,46
instead,46
bmi,46
diaphoresis,46
trapezius,46
sulcus,46
arteriotomy,46
suspension,46
skeletonized,46
splenic,46
poly,46
sensing,46
slit,46
sewn,46
intelligence,46
lymphedema,46
areolar,46
depo,46
transversely,46
midclavicular,46
ambulatory,46
centered,46
nonweightbearing,46
safe,46
acromion,46
sit,46
formal,46
igg,46
childhood,46
osteotomies,46
issue,46
keratosis,46
unless,46
cholangiogram,46
ica,46
resulted,46
uncertain,46
latissimus,46
maxilla,46
occlusive,46
towels,46
aligned,46
highly,46
hammertoe,46
seeds,46
fundi,46
avascular,46
tracking,45
numbers,45
acl,45
glass,45
ana,45
connection,45
dilators,45
newborn,45
orders,45
eats,45
lithotripsy,45
cipro,45
depressive,45
noting,45
orally,45
prophylactic,45
fibrillations,45
dermal,45
duodenal,45
mesentery,45
breakfast,45
training,45
servings,45
consolidation,45
reactions,45
tired,45
neurontin,45
talk,45
dermis,45
missed,45
act,45
remnant,45
expressive,45
behavioral,45
manipulation,45
say,45
stockinet,45
disruption,45
micro,45
triglycerides,45
confirming,45
feeds,45
manually,45
wechsler,45
clindamycin,45
intraabdominal,45
longitudinally,45
diverticulum,45
alcoholic,45
dictation,45
city,45
anchored,44
prevacid,44
lining,44
hemodynamically,44
fatty,44
hyperemia,44
bronchi,44
flex,44
caudally,44
abduction,44
abductor,44
vesicles,44
securely,44
actinic,44
spell,44
agreeable,44
hypokalemia,44
hypopharynx,44
thrill,44
sixth,44
responded,44
amiodarone,44
cook,44
monitors,44
epididymis,44
natural,44
levothyroxine,44
laryngoscope,44
symmetry,44
mirror,44
mechanism,44
thyroidectomy,44
pars,44
tortuous,44
bnp,44
inhalation,44
click,44
polypectomy,44
precautions,44
articulation,44
pushing,44
solu,44
quickly,44
specialist,44
aortogram,44
productive,44
suddenly,44
mucus,44
track,43
false,43
variety,43
laryngoscopy,43
transitional,43
contacts,43
contraction,43
nonoperative,43
elective,43
fissure,43
dimensions,43
intended,43
abrasions,43
speak,43
friend,43
funduscopic,43
fibrotic,43
oropharyngeal,43
responsive,43
supplementation,43
transposition,43
aged,43
costal,43
drive,43
exsanguinate,43
ampicillin,43
continuation,43
cone,43
furthermore,43
comorbidities,43
peroneus,43
prozac,43
requires,43
cabg,43
malaise,43
altered,43
genital,43
cmp,43
toothache,43
manager,43
varus,43
leukemia,43
emergently,43
agents,43
surgically,43
pubis,43
ensured,43
angles,43
let,43
accuracy,43
occurs,43
papilledema,43
psychosis,43
occurring,43
brace,43
sort,43
lle,43
neurologist,43
substantial,43
hispanic,43
ampulla,43
smoked,43
comfort,43
struck,43
proposed,42
crepitus,42
radiates,42
parapatellar,42
lifted,42
staying,42
cardiomegaly,42
pursue,42
tanner,42
postpartum,42
fenestration,42
assumed,42
tilt,42
engage,42
pop,42
walks,42
cerebellum,42
borders,42
tubing,42
questioning,42
seek,42
marijuana,42
hydralazine,42
ready,42
lunch,42
epiglottis,42
complexes,42
usage,42
malformation,42
attended,42
intermedius,42
toxin,42
letter,42
friends,42
mrs,42
tremors,42
chemistry,42
conclusions,42
vibratory,42
itching,42
blockers,42
helping,42
hairline,42
aching,42
prn,42
burn,42
salpingo,42
readily,42
separately,42
pnd,42
creating,42
subcostal,42
vitrectomy,42
stretcher,42
adhesive,42
coli,42
tuesday,42
semi,42
sparing,42
reglan,42
fnf,41
mobilize,41
combined,41
lethargic,41
comfortably,41
oxycodone,41
rear,41
epilepsy,41
detachment,41
inhibitor,41
diaphragmatic,41
insert,41
switched,41
adjustments,41
apparatus,41
watchful,41
respect,41
contralateral,41
unsure,41
lasted,41
perfused,41
arising,41
break,41
spasms,41
upset,41
radiologist,41
endocatch,41
urgent,41
stapled,41
toilet,41
resectoscope,41
uncomplicated,41
irritability,41
houston,41
hilum,41
fibular,41
naprosyn,41
milliseconds,41
subchondral,41
uneventful,41
pillars,41
knowledge,41
manage,41
dizzy,41
indirect,41
parkinson,41
bottle,41
leading,41
carbon,41
tiredness,41
speaking,41
lfts,41
calcar,41
restriction,41
electrode,41
inflamed,41
fontanelle,41
pinprick,41
ranges,41
examining,41
episodic,41
neurosurgery,41
paranoid,41
zoloft,41
isovue,41
gravity,41
schizophrenia,40
curettes,40
nodosum,40
uncomfortable,40
enzyme,40
mcivor,40
lbs,40
celebrex,40
melanoma,40
ureters,40
recess,40
impedance,40
smoothed,40
approximation,40
tacked,40
turning,40
extend,40
endarterectomy,40
sacrum,40
postprandial,40
adduction,40
battery,40
visiting,40
valsalva,40
preliminary,40
vasectomy,40
galea,40
diverticula,40
collected,40
relates,40
beach,40
resolving,40
markings,40
dyslipidemia,40
chlorhexidine,40
palpate,40
locations,40
gabapentin,40
fatigued,40
cataracts,40
migraines,40
success,40
lithium,40
completing,40
deltopectoral,40
boot,40
kyphosis,40
firing,40
diseases,40
travel,39
detrol,39
icd,39
neuromuscular,39
rex,39
recording,39
cane,39
sec,39
pledgets,39
deceased,39
reamed,39
rle,39
seat,39
synovial,39
filter,39
purpose,39
thinking,39
vigorous,39
pregnant,39
loops,39
adhesion,39
cemented,39
copy,39
zone,39
lordosis,39
droop,39
explain,39
cap,39
carboplatin,39
sling,39
serious,39
stripping,39
paxil,39
carbohydrates,39
lipase,39
morphology,39
anticipated,39
accommodate,39
tetanus,39
decline,39
ilioinguinal,39
bulge,39
industrial,39
gutters,39
entrapment,39
lymphadenectomy,39
stealth,39
hilar,38
pharyngeal,38
groins,38
dear,38
liposuction,38
worsen,38
belt,38
uncontrolled,38
punctured,38
spot,38
handle,38
blindness,38
gout,38
gleason,38
hypospadias,38
modalities,38
restored,38
outcome,38
lopressor,38
integrity,38
aspirate,38
neurologically,38
must,38
ohms,38
dentist,38
tips,38
dilate,38
endobronchial,38
others,38
conchal,38
grip,38
observe,38
oversewn,38
interosseous,38
incorporated,38
meticulously,38
preprocedure,38
fistulogram,38
viscoat,38
reasons,38
temporally,38
mayfield,38
spermatocele,38
personally,38
sternotomy,38
percutaneously,38
trunk,38
reversible,38
stimulated,38
narcotics,38
mastectomy,38
alive,38
beam,38
undescended,38
extensively,38
expiratory,38
named,38
declined,38
putting,38
psychiatrist,38
omnipaque,38
noncompliant,38
slurred,38
silicone,38
stenotic,38
essential,38
measurement,37
coagulopathy,37
sequence,37
rem,37
motions,37
antibodies,37
thorax,37
hyperplasia,37
nutrition,37
definitely,37
channel,37
owen,37
epicondylitis,37
actively,37
bpm,37
peel,37
tells,37
hematology,37
nonicteric,37
wait,37
bite,37
await,37
arrangements,37
thing,37
labeled,37
chronically,37
tandem,37
submucosal,37
supplemental,37
crossing,37
vib,37
sclerotic,37
flexors,37
nuchal,37
orthostatic,37
responding,37
angiograms,37
needing,37
pulsations,37
clonidine,37
atherosclerosis,37
compliant,37
apply,37
everted,37
features,37
calcaneal,37
prilosec,37
erosions,37
feedings,37
leftward,37
hemangioma,37
conversion,37
affective,37
fundoplication,37
postauricular,37
biting,37
session,37
exit,37
learning,37
company,37
pedunculated,37
cxr,37
apposition,36
nostril,36
scored,36
ambulates,36
persisted,36
aches,36
fibula,36
aseptic,36
medialis,36
avulsion,36
fluency,36
retroperitoneum,36
psychotic,36
phenol,36
adenoids,36
laminotomy,36
boyfriend,36
isthmus,36
bph,36
equipment,36
preauricular,36
characterized,36
ganglia,36
radiograph,36
proceeding,36
perforated,36
rao,36
gloves,36
tramadol,36
reach,36
congested,36
tying,36
cta,36
amylase,36
claimant,36
ophthalmology,36
transect,36
flutter,36
returning,36
growing,36
conversation,36
aricept,36
basic,36
wears,36
robinson,36
endometrium,36
division,36
normoactive,36
symptom,36
centimeter,36
suboccipital,36
resistant,36
tagged,36
chips,36
runoff,36
strip,36
produced,36
arthralgias,36
gore,36
occasion,36
producing,36
heat,36
meconium,36
ounce,36
mcv,36
anorexia,36
diary,36
dph,36
criteria,36
distracted,36
appendiceal,36
appointments,35
represents,35
gel,35
practice,35
dexamethasone,35
considering,35
ages,35
resident,35
sons,35
attorney,35
tunica,35
ostomy,35
hospice,35
splenomegaly,35
intraventricular,35
tendinosis,35
itchy,35
rocephin,35
absolutely,35
piriform,35
contoured,35
calcaneus,35
electrodes,35
oncologist,35
gluteus,35
nursery,35
mca,35
conductive,35
seasonal,35
hemiarthroplasty,35
minimum,35
tree,35
afterwards,35
consist,35
obstructed,35
scarred,35
staging,35
tonic,35
folate,35
else,35
upward,35
microbiology,35
lavaged,35
absorbing,35
sidewall,35
tuberculosis,35
alar,35
absorbable,35
leaking,35
places,35
fasciotomy,35
anesthetize,35
epistaxis,35
apart,35
leksell,35
covering,35
histologic,35
folded,35
reducing,35
psoriasis,35
patency,35
ambulance,35
shin,35
orbicularis,35
osteomed,35
intrinsic,35
meet,35
tamponade,35
desaturation,35
tears,35
inversion,35
incidental,35
nurolon,35
patellae,35
blocks,35
repetition,35
assured,35
hypoglycemia,34
reapproximate,34
impact,34
limit,34
greatly,34
nonpalpable,34
mrsa,34
gluteal,34
cubital,34
physicians,34
wish,34
supper,34
disks,34
atrovent,34
becoming,34
film,34
ranging,34
perianal,34
phenomenon,34
cpk,34
vasculitis,34
lucid,34
intermetatarsal,34
crestor,34
willing,34
contained,34
contracture,34
gained,34
occiput,34
opted,34
flattening,34
technical,34
category,34
bifurcates,34
existing,34
makes,34
immobilizer,34
abscesses,34
sleepy,34
tail,34
tailor,34
marital,34
stalk,34
teaspoon,34
tachycardic,34
hgb,34
lie,34
manipulator,34
neuroforaminal,34
tex,34
spelling,34
mucoid,34
restrictions,34
meningioma,34
aside,34
diseased,34
curve,34
irrigate,34
changing,34
hormone,34
defined,34
hasson,34
radioactive,34
artifact,34
cortisone,34
intimal,34
ventilatory,34
multifocal,34
restricted,34
sensitive,34
contains,34
abd,34
representing,34
cardizem,34
suitable,34
board,34
lima,34
refused,34
pillow,34
canthus,34
washed,34
meningismus,34
flonase,34
sufficient,34
solitary,34
hydrodissection,34
satisfactorily,34
pronounced,33
dates,33
force,33
structural,33
turp,33
warfarin,33
brachioradialis,33
fraying,33
hepatomegaly,33
supervised,33
compliance,33
intraperitoneal,33
ethanol,33
socially,33
transmitted,33
exercising,33
route,33
tid,33
passages,33
stained,33
cramps,33
withdrew,33
disturbances,33
dioxide,33
bottom,33
ulcerative,33
carpi,33
corresponding,33
brachiocephalic,33
discovered,33
acceptable,33
hks,33
lipectomy,33
anesthetics,33
freeing,33
sought,33
don,33
goiter,33
nasogastric,33
meckel,33
verify,33
externally,33
bibasilar,33
supported,33
tall,33
reporting,33
vasculature,33
flare,33
deepen,33
excise,33
smas,33
entrance,33
wean,33
talus,33
inadequate,33
integra,33
chem,33
narrative,33
inflation,33
pitting,33
largest,33
oxygenation,33
hemoccult,33
referring,33
serially,33
older,33
fio,33
airways,33
hump,33
nick,33
ebl,33
tap,33
spike,33
consume,33
subxiphoid,32
angiographically,32
menorrhagia,32
association,32
backwards,32
postnasal,32
phosphate,32
eversion,32
irregularly,32
npo,32
constructed,32
till,32
diff,32
klonopin,32
xopenex,32
shoes,32
cavities,32
hdl,32
anesthesiology,32
suspended,32
columella,32
finished,32
dinner,32
temple,32
shower,32
neo,32
hiatus,32
cage,32
myelogram,32
lamictal,32
elastic,32
supervision,32
scrub,32
fibromyalgia,32
interlocking,32
individually,32
thirds,32
cubic,32
reconstructed,32
incarcerated,32
tray,32
pcp,32
trazodone,32
implanted,32
spatulated,32
fluconazole,32
posture,32
runny,32
zantac,32
accepted,32
refuses,32
involuntary,32
forms,32
playing,32
enlarging,32
purposes,32
toto,32
basilic,32
hypoxemia,32
doxycycline,32
transposed,32
demonstrating,32
fingerbreadth,32
flexeril,32
gastroenteritis,32
brings,32
gastrocnemius,32
anesthesiologist,32
satisfied,32
peritomy,32
localizing,32
gastroenterologist,32
method,32
occult,32
perirectal,32
radiotherapy,32
frank,32
ram,32
habitus,32
nutritional,32
verapamil,32
cardiolite,32
phimosis,32
exertional,32
tonight,32
developing,32
hank,32
glottic,32
induration,32
fcr,32
premarin,32
tachypnea,32
disturbance,32
situ,32
eoms,31
flows,31
designed,31
restart,31
membranous,31
button,31
palpitation,31
broken,31
majority,31
lethargy,31
bundles,31
rpr,31
tracing,31
irrigant,31
compressed,31
suspicion,31
cancers,31
contractures,31
marks,31
hurt,31
crutches,31
tegaderm,31
rectocele,31
angulation,31
nine,31
lump,31
bulky,31
fetus,31
ellipse,31
equivocal,31
subtotal,31
confrontation,31
lahey,31
calculations,31
hyperglycemia,31
prepping,31
hemoclips,31
exacerbated,31
empty,31
integumentary,31
orbit,31
limitation,31
box,31
pill,31
wine,31
jejunum,31
fibrinous,31
parenchymal,31
vertebrae,31
coarse,31
periventricular,31
foraminotomy,31
incorporating,31
emptying,31
tec,31
foci,31
consists,31
genetic,31
slowed,31
desire,31
simvastatin,31
exteriorized,31
hamstring,31
pneumonitis,31
inframammary,31
inflow,31
eluting,31
osteochondral,31
papaverine,31
efforts,31
paranasal,31
dorsiflexion,31
radiofrequency,31
patchy,31
positional,31
gallstones,31
whose,31
slipped,30
nephropathy,30
wash,30
muir,30
exposures,30
reviewing,30
passes,30
hypoxia,30
participated,30
ureteroscope,30
treadmill,30
foul,30
indwelling,30
tendency,30
roof,30
appreciable,30
chiropractor,30
abrasion,30
blurry,30
insertional,30
imuran,30
manipulated,30
alveolar,30
retardation,30
empyema,30
decortication,30
weaned,30
produce,30
outline,30
botulinum,30
parotid,30
nurses,30
physiatrist,30
environment,30
materials,30
liter,30
navicular,30
subtalar,30
inferolateral,30
stenosing,30
retroflexion,30
downward,30
difficile,30
malnutrition,30
diltiazem,30
valley,30
amitriptyline,30
stranding,30
rates,30
keratotic,30
clothes,30
roughly,30
anchors,30
tend,30
subplatysmal,30
lingual,30
recipient,30
acetaminophen,30
coated,30
techniques,30
stands,30
awaiting,30
presumably,30
superotemporal,30
vestibule,30
stretching,30
testicles,30
polyuria,30
argon,30
checkup,30
unaware,30
isolate,30
immune,30
sleeps,30
rods,30
heal,30
bipap,30
friable,30
behaviors,30
sheets,30
confluence,30
knot,30
freer,30
weighed,30
spots,30
vulva,30
wheeled,30
supplying,30
extensors,30
boston,30
dorsi,30
community,30
abductovalgus,30
passy,30
wednesday,30
discoloration,30
likes,30
tapered,30
blepharoplasty,30
injecting,30
endocervical,30
cigarette,30
acidosis,30
taper,30
heaney,30
carry,30
missing,30
valves,30
ideations,29
anger,29
comminution,29
antigen,29
foam,29
heroin,29
lymphatics,29
spoken,29
aunt,29
thoracoscopy,29
hyperthyroidism,29
decisions,29
dimension,29
steps,29
cottonoid,29
dysmenorrhea,29
supraumbilical,29
treating,29
interrogation,29
sizer,29
cool,29
periodic,29
myalgias,29
tapping,29
bursitis,29
saturday,29
profound,29
hydrocodone,29
facets,29
joules,29
stressed,29
fungal,29
amputated,29
irregularity,29
bathroom,29
infraspinatus,29
mexico,29
perioperative,29
confirmation,29
upj,29
cerebrospinal,29
communicating,29
erythromycin,29
analgesia,29
supplements,29
stoma,29
rarely,29
lability,29
ingrown,29
immunization,29
tunneled,29
visceral,29
secure,29
denver,29
sets,29
elevating,29
weighing,29
xiphoid,29
preperitoneal,29
gfr,29
artificial,29
curettings,29
collapsed,29
attitude,29
rheumatology,29
ceftriaxone,29
atraumatically,29
orifices,29
nodal,29
legal,29
twisting,29
bookwalter,29
delineate,29
noticing,29
action,29
discolored,29
mmse,29
ercp,29
communicate,29
monofilament,29
historian,29
expectations,29
warranted,29
parameters,29
amplatz,29
ted,29
attacks,29
twin,29
pectoral,29
afrin,29
blades,29
experiences,29
piecemeal,29
ostia,29
desufflated,29
proprioception,29
stiff,29
ligasure,29
security,28
timi,28
class,28
pleasure,28
manifold,28
precordium,28
millivolts,28
labetalol,28
ventriculostomy,28
former,28
dynamic,28
predominant,28
lived,28
product,28
intensification,28
arousable,28
keppra,28
cmv,28
lysed,28
zithromax,28
acetabular,28
vertically,28
blind,28
stockinette,28
typically,28
proven,28
akin,28
plexus,28
develops,28
accutane,28
stemmed,28
alteration,28
ridge,28
diverticular,28
coarctation,28
largely,28
abortion,28
quervain,28
exclusive,28
transforaminal,28
reaming,28
chondroplasty,28
repetitive,28
liner,28
discs,28
diskectomy,28
antral,28
lashes,28
synovium,28
rationale,28
ligate,28
molar,28
carious,28
dupuytren,28
bicarb,28
provisc,28
conus,28
leaks,28
fulgurated,28
stream,28
harvesting,28
panic,28
physiologic,28
losing,28
stridor,28
twisted,28
proton,28
transfusions,28
sellar,28
impaction,28
bactiseal,28
hypermenorrhea,28
frontotemporal,28
intracerebral,28
nonionic,28
statin,28
distortion,28
basketball,28
identical,28
adderall,28
bladed,28
approached,28
stented,28
cecal,28
polysorb,28
expanded,28
extruded,28
acromioclavicular,28
ureteroscopy,28
logical,28
telfa,28
neurogenic,28
neuroblastoma,28
crying,28
austin,28
dermatitis,28
facilitate,28
cauterize,28
reamer,28
negligible,28
meeting,28
encircled,28
massage,28
nebulizer,28
sclera,28
wrists,28
deal,28
labored,28
multivitamins,28
photographs,28
myeloma,28
nontoxic,28
converted,28
enalapril,28
lvedp,28
cleaning,28
law,28
roux,27
urinate,27
angry,27
restless,27
arthritic,27
irrigating,27
pockets,27
torso,27
jerks,27
virus,27
harvest,27
notice,27
chain,27
violence,27
establish,27
symptomatology,27
zygoma,27
layman,27
key,27
vegetables,27
linguistic,27
mosquito,27
monopolar,27
coin,27
sweep,27
multilevel,27
assure,27
void,27
propranolol,27
transfused,27
scds,27
berry,27
obtunded,27
wake,27
djd,27
lordotic,27
anterograde,27
errors,27
ileus,27
stainless,27
character,27
swing,27
localize,27
feedback,27
atrioventricular,27
nodular,27
caffeine,27
glipizide,27
loaded,27
embolization,27
morselized,27
topamax,27
plasma,27
propofol,27
overt,27
crescent,27
hyperventilation,27
robotic,27
phosphorus,27
nondrinker,27
colored,27
favorable,27
puffs,27
metastases,27
advice,27
digitally,27
strut,27
personnel,27
aggressively,27
variant,27
patterns,27
eccentric,27
patches,27
sex,27
pepcid,27
bare,27
gap,27
analgesics,27
sensations,27
pooling,27
kirschner,27
heads,27
cadaveric,27
remission,27
ciprofloxacin,27
worrisome,27
eea,27
gutter,27
unemployed,27
perineal,27
paddle,27
intravascular,27
reopened,27
gastroparesis,27
pathologist,27
everyday,27
suturing,27
heterogeneous,27
milestones,27
duty,27
opposed,27
abilities,27
brow,27
facetectomy,27
applying,27
loud,27
summer,27
sprays,27
grew,27
posttraumatic,27
task,26
mdi,26
leaflets,26
ovale,26
microdissection,26
gun,26
scant,26
psoas,26
citalopram,26
differentiated,26
conjoint,26
retropubic,26
lexiscan,26
classes,26
settings,26
ivc,26
clavicular,26
worst,26
ran,26
ventilated,26
stapes,26
afb,26
psychiatry,26
orchiopexy,26
sigmoidoscopy,26
anywhere,26
decelerations,26
clotting,26
trivial,26
checking,26
nondominant,26
reasonably,26
bupivacaine,26
centrally,26
provider,26
rightward,26
dividing,26
maneuvers,26
cytoxan,26
healon,26
grandchildren,26
swan,26
retina,26
depakote,26
varices,26
malfunction,26
integrilin,26
styloid,26
structurally,26
urologist,26
cineangiography,26
heels,26
lumpectomy,26
chamfer,26
leaf,26
latencies,26
manufacturer,26
switch,26
attend,26
deferens,26
tangential,26
nonsterile,26
advil,26
retinacular,26
probes,26
sternothyroid,26
limbs,26
murphy,26
clo,26
inferotemporal,26
instruction,26
interim,26
cutter,26
indeterminate,26
accept,26
texas,26
construction,26
nodularity,26
approximating,26
elicit,26
palatal,26
stasis,26
pollicis,26
spring,26
hypertrophied,26
strictures,26
stooping,26
simulation,26
country,26
tpn,26
define,26
clicks,26
sob,26
dilaudid,26
titers,26
puff,26
achieving,26
nonreassuring,26
hodgkin,26
beads,26
velocities,26
circle,26
horseshoe,26
brachytherapy,26
onlay,25
doughnut,25
outlet,25
inspiratory,25
glioblastoma,25
faint,25
neosporin,25
orthopedics,25
radialis,25
markers,25
endplates,25
trach,25
lightheaded,25
contributory,25
conference,25
student,25
colic,25
wnl,25
enhance,25
claudication,25
distension,25
separation,25
trileptal,25
pyeloplasty,25
guidelines,25
personality,25
dermatology,25
orbits,25
talar,25
modest,25
stockings,25
questionnaire,25
parapharyngeal,25
nasopharyngeal,25
interest,25
served,25
lumps,25
layered,25
labia,25
inspiration,25
waveform,25
defibrillator,25
omental,25
caval,25
ldh,25
identifiable,25
quiet,25
wiped,25
perpendicular,25
affixed,25
prematurity,25
feed,25
mention,25
knots,25
dismissed,25
frame,25
actos,25
picture,25
technician,25
titer,25
truck,25
presyncope,25
debulked,25
types,25
watching,25
starts,25
sports,25
vaccine,25
plt,25
splints,25
examine,25
maxitrol,25
adolescent,25
bidirectional,25
trough,25
tinel,25
tah,25
pip,25
illegal,25
satisfaction,25
shockwave,25
incoordination,25
improves,25
azithromycin,25
tactile,25
trochanteric,25
immunologic,25
calcaneocuboid,25
express,25
pointed,25
nonunion,25
tack,25
cry,25
whatsoever,25
gyrus,25
anastomotic,25
documentation,25
bioabsorbable,25
stopping,25
matrix,25
impulse,25
perception,25
wheal,25
sessions,25
irritated,25
erectile,25
reflect,25
meningitis,25
bites,25
sentences,25
titrated,24
inhibitors,24
leaflet,24
silver,24
texture,24
encephalopathy,24
pulmonic,24
calibrated,24
subdartos,24
tricor,24
wellness,24
examinee,24
noon,24
bowl,24
riding,24
inject,24
lengthening,24
york,24
asymptomatic,24
rechecked,24
consumed,24
internally,24
calculus,24
closer,24
gases,24
fosamax,24
interscalene,24
prop,24
prosthetic,24
fluff,24
cavernous,24
suck,24
seborrheic,24
labral,24
walled,24
escorted,24
sesamoid,24
stepped,24
consequences,24
hose,24
nephrology,24
neonatal,24
photic,24
bronchiolitis,24
deteriorated,24
balfour,24
suprapatellar,24
bengal,24
requests,24
bear,24
increasingly,24
clonic,24
securing,24
wakes,24
incisors,24
california,24
describe,24
endocarditis,24
anteromedial,24
shave,24
thinning,24
ferritin,24
instillation,24
amlodipine,24
attenuated,24
exhibits,24
reference,24
explore,24
importance,24
optimal,24
nexgen,24
burden,24
soap,24
upcoming,24
bier,24
norwood,24
restrained,24
intraoral,24
enema,24
medifast,24
meniscectomy,24
replace,24
sisters,24
selectively,24
plantarly,24
centrum,24
react,24
tunneling,24
vfftc,24
disposable,24
hulka,24
splenectomy,24
intrahepatic,24
bronchoalveolar,24
clamping,24
hyponatremia,24
pupillary,24
crown,24
manic,24
hives,24
macrodantin,24
dispensed,24
neuropsychologic,24
stuck,24
updated,24
disorganized,24
recurred,24
breakthrough,24
phasic,24
conduit,24
psychosocial,24
household,24
hamate,24
coffee,24
miralax,24
gastroenterology,24
sincerely,24
tan,24
mesial,24
sessile,24
periumbilical,24
probing,24
petechial,24
piriformis,24
accessed,24
vastus,24
cymbalta,24
marriage,24
swept,24
utrata,24
sealed,24
acutely,24
speaks,24
purulence,24
worried,24
transbronchial,24
caudad,24
pinpoint,24
supraorbital,24
pci,24
ileostomy,24
sentence,24
neurosurgical,24
compensation,24
guidewires,23
microvascular,23
play,23
witnessed,23
denervation,23
venogram,23
flushing,23
dysmetria,23
uncle,23
zosyn,23
drum,23
generic,23
technically,23
granuloma,23
seatbelt,23
antecubital,23
climbing,23
sig,23
fruits,23
vit,23
cricothyroid,23
xrt,23
polymyositis,23
euthymic,23
peeled,23
recalled,23
raise,23
tycron,23
reaching,23
defer,23
pinning,23
haldol,23
toenails,23
radiological,23
intervals,23
tracts,23
dislocations,23
path,23
dilute,23
mra,23
interspaces,23
spurs,23
discogram,23
toxicity,23
driven,23
demonstration,23
orif,23
electroencephalogram,23
collaterals,23
dysplasia,23
lorazepam,23
grown,23
serosanguineous,23
pediatrician,23
kaiser,23
minimize,23
construct,23
transection,23
mind,23
calvarium,23
considerable,23
postural,23
lately,23
database,23
bouts,23
minus,23
contusions,23
urological,23
unspecified,23
lanoxin,23
affecting,23
workers,23
arteriogram,23
respiration,23
ketones,23
glioma,23
intestine,23
rolling,23
polydipsia,23
stds,23
inhalational,23
sub,23
staining,23
migration,23
conducted,23
tightly,23
urge,23
segs,23
methods,23
reversal,23
teres,23
degenerated,23
inflate,23
plasty,23
defibrillation,23
items,23
rhinoplasty,23
fundal,23
orogastric,23
arranged,23
voltage,23
adhered,23
reexamined,22
incidentally,22
adenotonsillitis,22
lymphoid,22
increases,22
asbestos,22
eardrum,22
police,22
santa,22
lao,22
bankart,22
operate,22
embolus,22
erection,22
mannitol,22
blocked,22
recovering,22
cryptic,22
ideal,22
choking,22
gaining,22
deflux,22
bicipital,22
aroused,22
fractions,22
suctioning,22
benzoin,22
serosal,22
tapering,22
picked,22
shaking,22
duragen,22
transaminases,22
volumes,22
cvs,22
proscar,22
enhanced,22
unsteady,22
viewing,22
adls,22
administering,22
claims,22
traveling,22
metaphyseal,22
reconstructions,22
diopters,22
raw,22
anc,22
solids,22
anticipatory,22
follicular,22
raises,22
supraglottic,22
lipoma,22
alpha,22
bronchodilator,22
warmth,22
lasts,22
therapies,22
gerota,22
tiva,22
approved,22
vest,22
hurting,22
anymore,22
subcarinal,22
handpiece,22
elavil,22
rating,22
strengthening,22
scapular,22
united,22
indigo,22
carmine,22
sclerotomies,22
loculated,22
hypercoagulable,22
paint,22
adjustment,22
redirected,22
westcott,22
tendinitis,22
nostrils,22
hysteroscopy,22
cystitis,22
vdrl,22
odor,22
pes,22
novolog,22
helps,22
macula,22
popping,22
corner,22
caudate,22
jail,22
dependence,22
wraps,22
skeletal,22
scanning,22
radiated,22
potts,22
remnants,22
shooting,22
accurate,22
bar,22
spasticity,22
numb,22
chin,22
composite,22
amalgam,22
enjoys,22
fish,22
salivary,22
hydroceles,22
photos,22
nonerythematous,22
retrieved,22
progressing,22
hysteroscope,22
med,22
sunday,22
hyoid,22
undermining,22
std,22
haptic,22
coil,22
verifying,22
neighbor,22
ligatures,22
version,22
detached,22
chylous,22
chambers,22
pseudoarthrosis,22
synchromed,22
triggered,22
hemicolectomy,22
cineangiograms,22
ekgs,22
awoken,22
pons,22
motility,22
biventricular,22
vomer,22
tubular,22
truncal,22
bariatric,22
graspers,22
spouse,22
synephrine,22
twist,22
fixated,22
periorbital,22
avm,22
thoracentesis,22
thresholds,22
graduated,22
intrathecal,22
arrhythmias,22
mucoperiosteal,22
neoplasia,22
initiation,22
cgy,22
atropine,21
hyperintense,21
constriction,21
deterioration,21
colectomy,21
flexibility,21
wing,21
write,21
elongated,21
highest,21
beneficial,21
simultaneous,21
beer,21
soreness,21
reflection,21
porus,21
periaortic,21
sips,21
debulking,21
ipsilateral,21
talonavicular,21
ala,21
knowing,21
vague,21
adhd,21
bumps,21
medullary,21
breaths,21
narrowed,21
loosely,21
means,21
fimbriated,21
relevant,21
max,21
glucosamine,21
cannulation,21
choice,21
mva,21
delineated,21
hyperactivity,21
bridge,21
midportion,21
slap,21
bell,21
circumcised,21
resumed,21
frustrated,21
heavily,21
preserving,21
endocrinology,21
divide,21
toldt,21
longest,21
microelectrode,21
seed,21
chocolate,21
voluntary,21
peek,21
charge,21
ligating,21
femoris,21
hematological,21
software,21
glucoses,21
paper,21
shell,21
arteriography,21
hooked,21
craniectomy,21
drowsy,21
envelope,21
dens,21
shiley,21
suffers,21
memorial,21
drowsiness,21
reassuring,21
picking,21
row,21
spacers,21
resultant,21
circumstances,21
correctly,21
bandages,21
wilson,21
themselves,21
intense,21
protruding,21
court,21
hypopnea,21
fix,21
abilify,21
anastomosed,21
sublingual,21
monocytes,21
admissions,21
hemiplegia,21
streptococcus,21
vitamins,21
feelings,21
connective,21
tipped,21
xxxx,21
wais,21
drawer,21
preservation,21
stimulus,21
extravasation,21
prompt,21
nauseated,21
oxycontin,21
cicatrix,21
repeatedly,21
prepare,21
bump,21
nonsteroidal,21
overload,21
zetia,21
clostridium,21
deny,21
cystourethroscopy,21
opiates,21
portable,21
perinephric,21
maximus,21
contain,21
myofascial,21
kub,21
asking,21
suprasellar,21
psychotherapy,21
straightened,21
modification,21
string,21
rsv,21
arteritis,21
stretch,21
biphasic,21
saturated,21
stressors,21
tattoos,21
organ,21
ileal,21
termination,21
cystotome,20
trailing,20
enlarge,20
crura,20
diffusion,20
evaluations,20
morbidity,20
fick,20
beverages,20
draw,20
procrit,20
brush,20
earache,20
miles,20
lipids,20
nicked,20
sella,20
tetracaine,20
cholesteatoma,20
subsegmental,20
retinopathy,20
prothrombin,20
sciatica,20
style,20
multi,20
eclampsia,20
annulotomy,20
methylmethacrylate,20
educational,20
zyprexa,20
headrest,20
pharyngitis,20
exercised,20
cardia,20
stimulator,20
paraspinals,20
opacification,20
anca,20
wellbutrin,20
hopes,20
splinted,20
sources,20
wydase,20
glue,20
endorses,20
systematically,20
corporal,20
inflatable,20
narcotic,20
specifications,20
guard,20
providing,20
capped,20
focused,20
autogenous,20
lobule,20
noticeable,20
automatic,20
supposed,20
suboptimal,20
alprazolam,20
pigmented,20
practitioner,20
cured,20
pca,20
passenger,20
grasping,20
requirement,20
happen,20
disappearance,20
penfield,20
intercondylar,20
inferomedial,20
lata,20
leukocytes,20
conjugate,20
indicative,20
excavated,20
counting,20
footplate,20
coracoacromial,20
epiglottic,20
panendoscope,20
corpus,20
looped,20
myoclonic,20
adding,20
intestinal,20
morcellized,20
hooks,20
adventitious,20
capsuloperiosteal,20
paid,20
duraprep,20
distinct,20
sclerotomy,20
oxide,20
eyebrow,20
spreader,20
wisdom,20
scores,20
paranoia,20
valium,20
basicervical,20
cranioplasty,20
massaged,20
ache,20
antalgic,20
hydrocortisone,20
hardened,20
drawing,20
undergoes,20
bound,20
celiac,20
relayed,20
botox,20
impotence,20
fixate,20
vomited,20
principal,20
shrug,20
phaco,20
resp,20
lica,20
widowed,20
maryland,20
gallstone,20
cages,20
gynecological,20
malleolar,20
plating,20
tunnels,20
ganz,20
inferoapical,20
chondral,20
iodoform,20
throbbing,20
opaque,20
fibrin,20
tinea,20
paperwork,20
relaxed,20
adductor,20
organisms,20
cranium,20
unfortunate,20
tracked,20
broke,20
executive,20
led,20
begins,20
hypoglossal,20
loading,20
interventional,20
curetted,20
jude,20
flight,20
circular,20
scheduling,20
ingested,20
weitlaner,20
radiologic,20
ablated,20
hence,20
sneezing,20
lastly,20
recover,20
lymphoblastic,20
xxxxx,20
disclosed,20
dexa,20
nasolacrimal,20
pylori,19
breakdown,19
intermediate,19
maximize,19
globus,19
institute,19
unlabored,19
ionic,19
graves,19
paraplegia,19
tolerates,19
norco,19
dispense,19
min,19
bougie,19
fvc,19
corticosteroids,19
tool,19
shifted,19
tries,19
younger,19
fund,19
specified,19
linea,19
fused,19
pyelonephritis,19
likelihood,19
neither,19
spotting,19
cyberknife,19
vesicular,19
washings,19
poison,19
mris,19
sores,19
bend,19
infiltrating,19
arachnoid,19
micrograms,19
herniorrhaphy,19
juncture,19
osteopenia,19
morbidly,19
slice,19
paste,19
zimmer,19
raphe,19
exclude,19
upstroke,19
bearing,19
awl,19
sleepiness,19
happening,19
establishing,19
subdermal,19
supplement,19
encompassing,19
element,19
spanish,19
chemistries,19
drinker,19
rrr,19
stabilize,19
ease,19
menses,19
psychologist,19
substances,19
tetracycline,19
hypoplastic,19
calculi,19
lock,19
sizes,19
lactated,19
cups,19
halo,19
enteral,19
transplantation,19
shelf,19
notified,19
decide,19
jvp,19
multiforme,19
collections,19
torqued,19
lyrica,19
arrested,19
humulin,19
cases,19
heights,19
adenomatous,19
rings,19
vesicle,19
mole,19
traced,19
dystonic,19
ophthalmologist,19
registered,19
supraventricular,19
hesitancy,19
tabs,19
submucoperichondrial,19
pleurodesis,19
institution,19
povidone,19
dullness,19
trigone,19
deceleration,19
effexor,19
san,19
trip,19
zonegran,19
weaning,19
canthal,19
innominate,19
gloved,19
incompletely,19
diminutive,19
anatomically,19
spectrum,19
intrarenal,19
interior,19
electrophoresis,19
dehiscence,19
burns,19
hcg,19
beers,19
deeply,19
sternohyoid,19
paracentral,19
occlude,19
apartment,19
giant,19
remarkably,19
subcutis,19
gum,19
atresia,19
english,19
punctate,19
parent,19
involve,19
tias,19
obstructions,19
lengths,19
bruce,19
destructive,19
endotine,18
protuberant,18
ortho,18
upwards,18
septoplasty,18
menometrorrhagia,18
serologies,18
pathway,18
mortality,18
scanner,18
areola,18
neutropenia,18
confirms,18
premedication,18
endoshears,18
splinter,18
neurolysis,18
puncta,18
conjunctivitis,18
reinforcement,18
fcu,18
participating,18
exams,18
simultaneously,18
flecainide,18
dysplastic,18
town,18
vulvar,18
standby,18
hurts,18
holter,18
pearly,18
abducted,18
cordis,18
diluted,18
backboard,18
colchicine,18
square,18
windows,18
adherence,18
gif,18
tibiofibular,18
traversing,18
barrett,18
hyperextension,18
smk,18
angiomax,18
amplitudes,18
wart,18
tucked,18
opioid,18
processus,18
pseudomeningocele,18
expressing,18
employee,18
arthropathy,18
hartmann,18
ware,18
zygomatic,18
spatula,18
electrocoagulation,18
suprascapular,18
vitoss,18
caspar,18
refusing,18
harm,18
azygos,18
pco,18
cetacaine,18
ext,18
heme,18
discussions,18
zaontz,18
exsanguination,18
fingertips,18
strict,18
inhaled,18
praised,18
ducts,18
punches,18
balls,18
rated,18
dismissal,18
shots,18
snacks,18
retracting,18
dimpling,18
prescribe,18
engineer,18
cauda,18
senile,18
ssep,18
hanging,18
intrinsically,18
arouse,18
dairy,18
aciphex,18
cardiothoracic,18
dysarthric,18
universal,18
conservatively,18
stimuli,18
colorado,18
catheterized,18
employment,18
calves,18
objectively,18
disabled,18
equina,18
capture,18
bringing,18
technetium,18
adjuvant,18
dramatic,18
thrombin,18
corticocancellous,18
surgeons,18
violation,18
documents,18
pros,18
rapide,18
lay,18
kinking,18
mammoplasty,18
sciatic,18
triamcinolone,18
variables,18
biparietal,18
mound,18
caps,18
trajectory,18
stayed,18
sting,18
intercourse,18
ama,18
chemical,18
plantars,18
vallecula,18
psv,18
discontinuing,18
classification,18
doctors,18
thrombosed,18
trials,18
cannulas,18
substernal,18
evidenced,18
courses,18
abused,18
formulation,18
herpes,18
kelly,18
super,18
tamoxifen,18
dictate,18
biological,18
sounding,18
pyelogram,18
significance,18
labile,18
risperdal,18
waking,18
machined,18
feathered,18
biopro,18
fronto,18
twitching,18
soma,18
compazine,18
carbonate,18
pantoprazole,18
soleus,18
swings,18
paresthesia,18
benzodiazepines,18
lengthened,18
historical,18
idea,18
hyperkalemia,18
abundant,18
sibling,18
transversalis,18
tuohy,18
interpreter,18
kit,18
circumscribed,18
expect,18
expression,18
autopsy,18
vaccination,18
prevention,18
inducible,18
bacteremia,18
evaluating,18
answers,18
consumes,18
echocardiography,18
cyclophosphamide,18
deliver,18
decompressive,18
rostrally,18
apgar,18
preterm,18
human,18
titrate,18
overhanging,18
attributed,18
caloric,18
corners,18
pulmicort,18
swab,18
boggy,18
broach,18
barbara,18
quadrilateral,18
tobradex,18
arcus,18
incorporate,18
sad,18
fluoxetine,18
dacron,18
dissections,18
kcl,18
nighttime,18
staphylococcus,18
protective,18
microdebrider,18
paratracheal,18
sump,18
necessity,18
rotators,18
cooperation,18
singulair,17
beat,17
sinai,17
emboli,17
vii,17
cystocele,17
bothersome,17
adjusting,17
cluster,17
beanbag,17
morphogenetic,17
aliquots,17
pyelograms,17
glabellar,17
hsv,17
dur,17
nonproductive,17
elixir,17
avoided,17
educated,17
perfect,17
abg,17
oligohydramnios,17
guarantees,17
serology,17
ivig,17
ingestion,17
someone,17
cerumen,17
bursectomy,17
latter,17
lactulose,17
phrases,17
evac,17
worry,17
dogs,17
viewed,17
squared,17
adjust,17
coordinated,17
cooling,17
heave,17
drove,17
teacher,17
johnson,17
input,17
enrolled,17
latex,17
flashes,17
barrier,17
lymphadenitis,17
sseps,17
provisional,17
fiberglass,17
paced,17
mallet,17
losses,17
phenobarbital,17
electrophysiology,17
probability,17
proteinuria,17
impossible,17
sylvian,17
vegetation,17
decompress,17
postmenopausal,17
permcath,17
miscarriage,17
fitted,17
formula,17
aunts,17
epigastrium,17
alk,17
bedrest,17
phos,17
cefotaxime,17
bars,17
handout,17
domestic,17
besides,17
lengthy,17
dilating,17
irrigator,17
flattened,17
platysmal,17
tidal,17
pressured,17
bifurcating,17
nasotracheal,17
paramedian,17
store,17
radiate,17
osteophytic,17
saturating,17
earlobe,17
uncles,17
locate,17
pseudomonas,17
consults,17
sentinel,17
herniations,17
somewhere,17
consistently,17
door,17
callosum,17
tums,17
guillain,17
barre,17
grades,17
correlated,17
myocardium,17
catch,17
account,17
repeating,17
motivation,17
decompensation,17
tracheotomy,17
decorticate,17
opacity,17
plicated,17
ferrous,17
private,17
worsens,17
greatest,17
superimposed,17
nsaids,17
cea,17
infraorbital,17
epithelium,17
overlapping,17
recognized,17
pontis,17
heparinization,17
representative,17
hctz,17
hemitransfixion,17
rotate,17
anomalous,17
thursday,17
resuscitation,17
replacements,17
stigmata,17
nonsurgical,17
decorticated,17
condyles,17
rapd,17
carries,17
delivering,17
abdominis,17
injure,17
fascitis,17
joseph,17
electro,17
midaxillary,17
tee,17
overactive,17
attempting,17
cystectomy,17
fluffs,17
aldactone,17
laryngectomy,17
contribute,17
clivus,17
stooling,17
barbotage,17
drc,17
empirically,17
nitrites,17
pcr,17
reoperation,17
quarter,17
dentures,17
public,17
depuy,17
rose,17
odynophagia,17
virtually,17
slip,17
apcs,17
daughters,17
mets,17
examinations,16
endovascular,16
receptive,16
immunosuppression,16
astramorph,16
stomatitis,16
gonadal,16
subgaleal,16
encourage,16
angulated,16
plaques,16
barrel,16
names,16
asymmetric,16
indentation,16
trap,16
plaquing,16
nosebleeds,16
celexa,16
glyburide,16
icteric,16
alternate,16
concentrated,16
dealing,16
widow,16
reintroduced,16
arrange,16
neonate,16
folliculitis,16
gardening,16
tarsus,16
moisture,16
columellar,16
inherent,16
gomco,16
extruding,16
sao,16
sural,16
pretibial,16
thrown,16
surrounded,16
occupation,16
quitting,16
imbricating,16
mouthgag,16
mesosalpinx,16
ethilon,16
moro,16
bridges,16
spends,16
crushed,16
ventrum,16
dopamine,16
divorce,16
overdose,16
persistence,16
fogarty,16
electrolyte,16
anticardiolipin,16
hear,16
card,16
parts,16
marble,16
interactive,16
vigorously,16
ncv,16
triage,16
entrapped,16
tech,16
dimensional,16
xps,16
shallow,16
chlamydia,16
spiral,16
preference,16
noxious,16
florida,16
user,16
exhibited,16
curving,16
anteroinferior,16
ranged,16
neuropathic,16
voiced,16
supplied,16
concentrate,16
constricted,16
reattached,16
uneventfully,16
ocuflox,16
nonlabored,16
ccs,16
apron,16
beachchair,16
bpd,16
requirements,16
noncompliance,16
hobbies,16
milligrams,16
sed,16
immobilized,16
offer,16
inderal,16
pruritus,16
cats,16
flatus,16
omohyoid,16
indiana,16
diversion,16
vertebra,16
articulations,16
pectoris,16
decay,16
inspect,16
nondiagnostic,16
problematic,16
endogia,16
egophony,16
revascularization,16
discontinuity,16
limbal,16
uncinate,16
wings,16
lacrimal,16
forefoot,16
peripherally,16
hoffman,16
document,16
notify,16
superficially,16
supination,16
protrudes,16
elevates,16
dramatically,16
abnormally,16
inclusive,16
boluses,16
esterase,16
spurring,16
pets,16
craniopharyngioma,16
takedown,16
twins,16
connections,16
backed,16
arc,16
saddle,16
alba,16
chantix,16
biomet,16
believed,16
anorectal,16
concussion,16
phalen,16
guiding,16
floxin,16
stylet,16
palmaris,16
weber,16
thereby,16
perclose,16
neurovascularly,16
hawkins,16
steady,16
carrying,16
endopelvic,16
nonreactive,16
levator,16
casts,16
rom,16
eczema,16
counted,16
condylomas,16
thrombi,16
multiparity,16
south,16
expenditure,16
fussy,16
beveled,16
reassured,16
commenced,16
meter,16
incus,16
turns,16
dryness,16
homemaker,16
kyphoplasty,16
quadriparesis,16
determination,16
crossed,16
ultram,16
restorative,16
ensued,16
unexpected,16
penoscrotal,16
aborted,16
apophyseal,16
awaken,16
silent,16
salpingectomy,16
knuckle,16
dyskinesia,16
stressful,16
persist,16
anastomoses,16
scene,16
cozaar,16
nebulized,16
mapping,16
parenting,16
subhepatic,16
rising,16
forming,16
crowe,16
davis,16
toxic,16
crus,16
subsegments,16
specifics,16
redo,16
plication,16
quantitative,16
bursal,16
approval,16
phonation,16
sustain,16
fossae,16
constipated,16
rica,16
igm,16
ecog,16
transacted,16
contributed,16
supracondylar,16
puree,16
spillage,15
wrestling,15
restrictive,15
coherent,15
anvil,15
tense,15
clonazepam,15
strenuous,15
ones,15
surveillance,15
fusiform,15
puckering,15
yearly,15
pretracheal,15
preplaced,15
stabbing,15
injectable,15
flame,15
guarantee,15
lingula,15
vaseline,15
wbcs,15
bloc,15
ecstasy,15
functions,15
accumulation,15
cysto,15
fev,15
abandoned,15
meat,15
fluctuance,15
buster,15
attendance,15
modifying,15
financial,15
tracheobronchial,15
biplanar,15
injectables,15
serving,15
antidepressants,15
reasoning,15
minimizing,15
rounds,15
eliminate,15
openings,15
duties,15
burst,15
punched,15
lorenz,15
sweating,15
widening,15
sle,15
crural,15
uniplate,15
restoration,15
pneumatosis,15
shop,15
compromised,15
epidermal,15
clothing,15
lbp,15
jejunostomy,15
sampled,15
friability,15
plaquenil,15
elsewhere,15
smears,15
tegretol,15
melanosis,15
pinna,15
intent,15
cloudy,15
superblade,15
hypogastric,15
applications,15
pontine,15
design,15
broviac,15
limp,15
tracer,15
crepitations,15
mammographic,15
omnicef,15
otic,15
readings,15
tendinous,15
ate,15
thinned,15
coag,15
avelox,15
constantly,15
celestone,15
sonographic,15
pertussis,15
notably,15
infraclavicular,15
vomit,15
jerk,15
kenalog,15
malalignment,15
hemispheric,15
backward,15
eighth,15
preceded,15
afraid,15
north,15
cracked,15
bifrontal,15
endocrinologist,15
dosages,15
purpura,15
intervening,15
road,15
rid,15
lymphs,15
uric,15
epileptic,15
phrenic,15
environmental,15
iowa,15
taste,15
kindly,15
frontalis,15
assistive,15
shut,15
contracting,15
diuretic,15
diaper,15
orthopedist,15
laparoscopically,15
phlebectomies,15
widened,15
complement,15
porous,15
danek,15
sending,15
rhytidectomy,15
paralytic,15
collision,15
idiopathic,15
prograf,15
imdur,15
stellate,15
dosepak,15
exophytic,15
lipodystrophy,15
striking,15
ranitidine,15
demise,15
deficient,15
cuboid,15
aggravated,15
potentials,15
shortening,15
duraseal,15
match,15
pick,15
vats,15
lvh,15
subject,15
drank,15
hamstrings,15
fasciitis,15
concrete,15
vytorin,15
cusa,15
disoriented,15
involves,15
subacute,15
unconscious,15
saying,15
saver,15
claim,15
midpoint,15
microscissors,15
cavitron,15
beds,15
acquisition,15
aura,15
airplane,15
symbol,15
intradermal,15
groomed,15
hope,15
teaching,15
mucositis,15
value,15
oligoclonal,15
associates,15
reevaluated,15
rectosigmoid,15
radiosurgery,15
normalization,15
millimeter,15
fruit,15
sewed,15
damaged,15
lowest,14
reserve,14
pseudotumor,14
sip,14
vent,14
pointing,14
diagnostics,14
anticipation,14
concurrent,14
subumbilical,14
monthly,14
scopes,14
spirometry,14
pneumo,14
peri,14
allen,14
tinged,14
mobilizing,14
freshened,14
heaves,14
volt,14
lmp,14
concluded,14
extractions,14
arteriosclerotic,14
acmi,14
msec,14
failing,14
apraxia,14
lodged,14
mentation,14
eosinophils,14
mastoiditis,14
sales,14
press,14
spiriva,14
effaced,14
talc,14
pleased,14
enterococcus,14
freezing,14
template,14
mucinous,14
subcapital,14
stepping,14
detect,14
member,14
endurance,14
metamucil,14
nevertheless,14
nonhealing,14
perforating,14
nephrolithotomy,14
plana,14
anteversion,14
stretched,14
spitting,14
splinting,14
palpably,14
quadratus,14
scapula,14
cottle,14
knew,14
physically,14
stapling,14
rice,14
contested,14
reactivity,14
adenotonsillar,14
atherectomy,14
epicondylar,14
binge,14
dyspepsia,14
beaver,14
worth,14
characterization,14
verge,14
blisters,14
commissure,14
nasally,14
anticipate,14
questioned,14
tensor,14
rolls,14
whenever,14
circulatory,14
sulci,14
sickle,14
carter,14
retroflex,14
die,14
immunohistochemical,14
impella,14
landed,14
reluctant,14
flaccid,14
eps,14
dyazide,14
refraction,14
nifedipine,14
nonetheless,14
arousal,14
mesentry,14
teased,14
gbs,14
transsphenoidal,14
elevators,14
pediatrics,14
ambulated,14
meniscoplasty,14
mitomycin,14
plexopathy,14
refilled,14
visceromegaly,14
triggering,14
cll,14
calls,14
tachybrady,14
lovastatin,14
dysphonia,14
firmly,14
salvage,14
trabeculectomy,14
lacunar,14
colposcopy,14
reopro,14
esotropia,14
integument,14
arose,14
collagen,14
emanating,14
vitreoretinal,14
ommaya,14
assets,14
luke,14
pair,14
painless,14
resecting,14
echogenicity,14
biometry,14
lined,14
thromboembolic,14
metopic,14
smith,14
fluticasone,14
rounded,14
cessation,14
exostosis,14
noninvasive,14
whereas,14
interestingly,14
reproducible,14
cons,14
insignificant,14
seeking,14
synostosis,14
comment,14
cultured,14
epileptiform,14
learn,14
cooking,14
seventh,14
deposit,14
coordinate,14
reapproximation,14
osteochondroma,14
scapholunate,14
extraoral,14
caprosyn,14
capable,14
truly,14
cracking,14
tripped,14
ischial,14
weather,14
depths,14
hinge,14
pickup,14
debulk,14
malleus,14
dropping,14
partners,14
chloraprep,14
aleve,14
wanting,14
tethered,14
ringing,14
retrieval,14
forgetting,14
animals,14
dirty,14
hypermetabolic,14
aqueous,14
nonviable,14
detorsion,14
arcade,14
subside,14
sizing,14
intraaortic,14
corticectomy,14
mortise,14
polysubstance,14
pvcs,14
ioban,14
microscopy,14
sedatives,14
lupron,14
lots,14
object,14
juvenile,14
dislocated,14
dietician,14
pcl,14
horizontally,14
debakey,14
diastat,14
lamp,14
varied,14
acetic,14
hood,14
interact,14
correlate,14
persistently,14
soaking,14
packet,14
conventional,14
demineralized,14
triangular,14
continuity,14
token,14
habit,14
derived,14
pacer,14
tarsal,14
metronidazole,14
sedimentation,14
utility,14
decannulation,14
relocation,14
phacoemulsified,14
congruent,14
deflation,14
fistulous,14
chop,14
diopter,14
uveal,14
afferent,14
radiculopathies,14
sinemet,14
plugging,14
variability,14
aesthetic,14
gastrojejunal,14
densely,14
aortopulmonary,14
infundibulum,14
impinging,14
blocking,14
matured,14
irides,14
emgs,14
phonophobia,14
dnr,14
plica,14
rock,14
secretion,14
chicken,14
digastric,14
cusp,14
brudzinski,14
nephrolithiasis,14
untoward,14
otc,14
illumination,14
vioxx,14
gemfibrozil,14
hrs,14
dependency,14
unicompartmental,14
indigestion,14
demyelinating,14
contours,14
epithelial,14
tarsoconjunctival,14
kernig,14
opiate,14
connecting,14
pronation,14
quick,14
loosened,14
finishing,14
screwed,14
vigamox,14
receptor,14
holosystolic,14
timing,14
hemi,14
premedications,14
breadth,14
progav,14
fissures,14
aural,14
cpm,14
bradycardic,14
fluoro,14
lyme,14
troponins,14
encopresis,14
cycled,14
paraphasic,14
pillows,14
arthroscope,14
barely,14
processing,14
subscapular,14
facelift,14
livedo,14
watery,14
slim,14
thrombolytic,14
bias,14
inlet,14
uterovarian,14
filmy,14
homogeneous,14
accurately,13
demarcated,13
methylene,13
voices,13
flaring,13
nasonex,13
adhesiolysis,13
corpora,13
grooves,13
golf,13
anhedonia,13
obscured,13
wandering,13
filed,13
transluminal,13
speckled,13
quadriplegia,13
mmol,13
relaxants,13
milliamps,13
fluoroscopically,13
slept,13
vasoconstriction,13
subacromially,13
wrong,13
obliterated,13
bulbar,13
consuming,13
doyle,13
initiating,13
architecture,13
girlfriend,13
ectopy,13
utero,13
radiographically,13
verbalized,13
rises,13
perforator,13
unobtainable,13
ringers,13
thrombectomy,13
smart,13
judged,13
nicotine,13
bursts,13
axonal,13
prinivil,13
int,13
finances,13
nsaid,13
explaining,13
crush,13
straightening,13
quantity,13
shunting,13
hitting,13
loculations,13
dead,13
theater,13
bridging,13
avoidance,13
stimulant,13
rheumatic,13
client,13
adenomyosis,13
introduction,13
hibiclens,13
nitrate,13
lights,13
destruction,13
bandaged,13
anticoagulant,13
lies,13
contribution,13
corpectomy,13
indurated,13
penetrating,13
monos,13
mcburney,13
restrict,13
tibc,13
synchondrosis,13
nonsustained,13
relatives,13
junctions,13
lobulated,13
reformatted,13
brachium,13
salpingooophorectomy,13
iced,13
vaginitis,13
amphetamines,13
imodium,13
clotted,13
elastoplast,13
dysmorphic,13
doubt,13
tox,13
telephone,13
alcoholism,13
choose,13
forth,13
blunted,13
rigors,13
thrills,13
petechia,13
necessitated,13
tarry,13
lidoderm,13
diuresis,13
gastroc,13
smelling,13
competent,13
conjunction,13
clicking,13
spare,13
chances,13
corneas,13
finder,13
methylprednisolone,13
assembled,13
diuretics,13
temodar,13
hindfoot,13
comments,13
boss,13
hammer,13
risky,13
condyloma,13
combivent,13
kyphotic,13
cancel,13
untreated,13
intertrochanteric,13
attributes,13
fecal,13
sequela,13
applicator,13
insect,13
discontinuation,13
humalog,13
jumping,13
complexity,13
sits,13
convert,13
accepts,13
sympathetic,13
inoperable,13
tributaries,13
lymphocyte,13
dedicated,13
sludge,13
spondylolysis,13
nervousness,13
durable,13
exhausted,13
hemothorax,13
nitro,13
proventil,13
adopted,13
choledocholithiasis,13
tragus,13
bounding,13
update,13
imaged,13
thenar,13
erosive,13
rheumatologist,13
steven,13
molded,13
cortisporin,13
undetermined,13
weekends,13
protrusions,13
powder,13
malignancies,13
periodically,13
hoping,13
characteristics,13
apneic,13
spending,13
classic,13
peeling,13
benicar,13
resector,13
bank,13
participation,13
transfers,13
programmed,13
barlow,13
estimates,13
mobic,13
resumption,13
synchronized,13
dorsolateral,13
gear,13
granulomatous,13
dip,13
urged,13
ortolani,13
finish,13
chains,13
tenting,13
walked,13
posttussive,13
alleviate,13
rhinocort,13
uri,13
depending,13
taxol,13
zeiss,13
tympanostomy,13
describing,13
nystatin,13
placements,13
phlebitis,13
yeast,13
vagus,13
cobb,13
pickups,13
focally,13
fibrinogen,13
pulmonologist,13
subconjunctival,12
choices,12
crisis,12
xerostomia,12
fontanel,12
peridex,12
hydrodissected,12
leukoplakia,12
host,12
escape,12
funny,12
metacarpal,12
incremental,12
bus,12
stabs,12
lachman,12
strabismus,12
carcinomatosis,12
qid,12
prevented,12
touching,12
myringotomies,12
hemangioblastoma,12
icad,12
upgaze,12
poles,12
kitner,12
restorations,12
prophy,12
exhibit,12
qhs,12
birads,12
preceding,12
spite,12
dribbling,12
extubation,12
medius,12
ensuring,12
delta,12
pleomorphic,12
displayed,12
variation,12
sfa,12
instillations,12
turbid,12
hyperintensity,12
nap,12
trabecular,12
oxyhemoglobin,12
loc,12
avulsed,12
fear,12
tongs,12
spondylotic,12
chose,12
tertiary,12
peritonitis,12
shrimp,12
profunda,12
booster,12
smell,12
transpedicular,12
calipers,12
contraceptives,12
knotless,12
fenestrated,12
endoscopically,12
sufficiently,12
emphasizing,12
intradural,12
optimize,12
bicycle,12
budget,12
titration,12
glanular,12
cremasteric,12
atlanto,12
balloons,12
jig,12
weck,12
prefer,12
nights,12
submuscular,12
treitz,12
molecular,12
sucker,12
map,12
church,12
vicoprofen,12
masticator,12
bra,12
homocystine,12
fibroglandular,12
bso,12
plv,12
calot,12
equivalent,12
dyspareunia,12
thanksgiving,12
agee,12
influenza,12
wondering,12
interstim,12
consultant,12
fulguration,12
ivp,12
globally,12
readmitted,12
neuronavigation,12
polyradiculopathy,12
bruises,12
connor,12
handled,12
pyloric,12
pause,12
smokers,12
choreiform,12
aureus,12
inserting,12
stimulating,12
literature,12
persantine,12
calvarial,12
midfoot,12
phenomena,12
dating,12
unsteadiness,12
sensitivities,12
shortened,12
bubble,12
isordil,12
binocular,12
ophthalmologic,12
contraceptive,12
septorhinoplasty,12
fluctuating,12
agatston,12
endoluminal,12
introitus,12
remembering,12
thallium,12
capsulectomy,12
kid,12
accidental,12
praziquantel,12
advantages,12
vegetations,12
methacrylate,12
inappropriate,12
contegra,12
estimate,12
undermine,12
expander,12
foster,12
plays,12
considerably,12
ideas,12
tacking,12
difference,12
lenses,12
phalangeal,12
frog,12
stops,12
candidiasis,12
placental,12
pureed,12
synovectomy,12
antihypertensive,12
sublingually,12
drawback,12
baseball,12
lifestyle,12
expanding,12
doxorubicin,12
dehydrated,12
sarcoma,12
connector,12
military,12
contractility,12
bothering,12
cooled,12
expiration,12
mitek,12
hypotensive,12
ciprodex,12
wichita,12
methicillin,12
craniocaudal,12
parenteral,12
crampy,12
laterolisthesis,12
amnestic,12
ways,12
mattis,12
denonvilliers,12
lotion,12
adrenalectomy,12
bishop,12
cognistat,12
perinatal,12
coblator,12
epiphysis,12
shimada,12
diazoxide,12
turbt,12
spiked,12
dilution,12
official,12
tic,12
microtechniques,12
nonrestorable,12
relating,12
corrective,12
adenoiditis,12
prompting,12
anginal,12
midway,12
richards,12
edv,12
furniture,12
washing,12
ritalin,12
coracoid,12
disconnected,12
coloration,12
systematic,12
separating,12
employer,12
nonfunctioning,12
stepfather,12
cylinder,12
claimed,12
dermatome,12
irritative,12
hesitate,12
anteroseptal,12
anemic,12
epimed,12
nos,12
annual,12
cistern,12
venovenous,12
augmented,12
craniotome,12
pledget,12
coordinates,12
adenoidal,12
strategy,12
pharmacy,12
underscored,12
glistening,12
dna,12
fornix,12
grooming,12
pigment,12
enterocele,12
accidents,12
diapers,12
torticollis,12
bnt,12
animal,12
abbreviated,12
wasi,12
dorsomedial,12
excising,12
swish,12
restore,12
multilingual,12
stance,12
protecting,12
obliquely,12
proximate,12
providers,12
cor,12
hypergranulation,12
salpingoophorectomy,12
tuberculin,12
anyway,12
stains,12
relapse,12
tennis,12
hemithorax,12
anteroapical,12
trochlear,12
aggravation,12
bulldog,12
banding,12
follicle,12
consultations,12
unexplained,12
extracorporeal,12
mastoidectomy,12
plaster,12
crepitation,12
resuscitated,12
decannulated,12
necessitating,12
ivy,12
embedded,12
iliopsoas,12
dermatomes,12
permanently,12
applanation,12
osteophytectomy,12
tendonitis,12
mantle,12
tympanoplasty,12
intensifier,12
multisystem,12
log,12
pth,12
carvedilol,12
trigonocephaly,12
yellowish,12
manifest,12
cpr,12
initiate,12
staged,12
nkda,12
organism,12
gown,12
daypro,12
thyroglobulin,12
plafond,12
lateralizing,12
ulna,12
brows,12
tilted,12
levophed,12
gingival,12
boots,12
zoster,12
myopathy,12
blistering,12
mediolateral,12
sharps,12
depakene,12
songer,12
vascularity,12
pyelotomy,12
polysomnogram,12
resonant,12
focusing,12
street,12
effectively,12
atopic,12
elevations,12
tur,12
costochondral,12
sterility,12
falope,12
guidant,12
svt,12
discrimination,12
bumex,12
tun,12
trimline,12
dermatomal,12
weigh,12
throwing,12
saved,12
touched,12
cueing,12
cookie,12
methamphetamine,12
nonobstructive,12
disseminated,12
pred,12
forte,12
severed,12
diazepam,12
finds,12
independence,12
boundaries,12
epidurogram,12
fds,12
business,12
capsules,12
proved,12
mohs,12
intercartilaginous,12
posturing,12
phonemic,12
hida,12
submucous,12
sprints,12
versastep,12
talofibular,12
nectar,12
reconstructive,12
januvia,12
cerebri,12
eater,12
dermatologist,12
activated,12
fdp,12
rejection,12
cardio,12
adhesives,12
con,11
reflecting,11
follicles,11
neglect,11
theophylline,11
relaxation,11
klor,11
relocated,11
insufficient,11
intranasal,11
electively,11
shy,11
lag,11
suppurative,11
profundus,11
impairments,11
mortis,11
cradle,11
pulsating,11
nods,11
loosening,11
lateralization,11
multifactorial,11
inflammatories,11
dystrophy,11
scarf,11
ventriculoperitoneal,11
breathe,11
levoxyl,11
familial,11
quarters,11
wal,11
undue,11
enclosed,11
fats,11
examiner,11
recognizing,11
exchanges,11
caring,11
induce,11
cisterna,11
pericholecystic,11
anterolaterally,11
facemask,11
ammonia,11
disordered,11
ditropan,11
neuroforamina,11
micronase,11
paravertebral,11
epstein,11
handwritten,11
bunions,11
celsius,11
county,11
hungry,11
globulin,11
intramuscular,11
sestamibi,11
electronic,11
composed,11
varying,11
rotating,11
developmentally,11
paramedics,11
exists,11
supervisor,11
linked,11
recurrences,11
percentage,11
winter,11
peptide,11
transport,11
occupying,11
gasping,11
automobile,11
hemidiaphragm,11
medicated,11
dosing,11
laminar,11
notices,11
academic,11
relieving,11
polyphagia,11
postcontrast,11
gagging,11
responds,11
vallecular,11
subcortical,11
hopeful,11
allopurinol,11
thymus,11
depressor,11
glucophage,11
kawasaki,11
guides,11
survival,11
consonant,11
teflon,11
receives,11
holidays,11
floseal,11
prompted,11
warrant,11
astrocytoma,11
bicuspid,11
podiatry,11
mature,11
heartbeat,11
belching,11
epitrochlear,11
kefzol,11
tympany,11
corticosteroid,11
weights,11
restenosis,11
topically,11
bucket,11
waited,11
mucoperichondrial,11
straighten,11
toothed,11
traditional,11
whisper,11
men,11
ulnaris,11
curetting,11
urgently,11
depends,11
perioral,11
forced,11
thiamine,11
brushes,11
organic,11
pool,11
meatal,11
threatening,11
urinating,11
gingivae,11
mounted,11
meaning,11
breaking,11
transversally,11
intraparenchymal,11
preponderance,11
beating,11
relation,11
investigation,11
extramedullary,11
maxillofacial,11
callus,11
oculi,11
western,11
articulating,11
clearing,11
saliva,11
dispositioned,11
electrophysiologic,11
noncannulated,11
countersunk,11
nph,11
decreases,11
anesthetizing,11
hypoxic,11
convulsion,11
elementary,11
spiculated,11
viagra,11
originating,11
calculation,11
periurethral,11
manifested,11
invading,11
syndesmotic,11
anesthetist,11
namenda,11
perrl,11
aortoiliac,11
girth,11
gangrenous,11
pravachol,11
insufflate,11
metatarsocuneiform,11
breech,11
relationships,11
ecchymoses,11
charcot,11
tearful,11
ward,11
utilize,11
marie,11
stronger,11
prednisolone,11
daycare,11
medulla,11
couch,11
inadvertently,11
cardioplegic,11
torque,11
cyanotic,11
loupe,11
prognostic,11
wasting,11
president,11
uncircumcised,11
retrospect,11
midazolam,11
autism,11
project,11
extraaxial,11
aggravating,11
bevel,11
unimproved,11
rhabdomyolysis,11
rinse,11
historically,11
generous,11
homans,11
shaving,11
thirst,11
regain,11
runs,11
strata,11
file,11
increments,11
microalbumin,11
rent,11
endstage,11
facilitated,11
reiterated,11
hyperreflexia,11
provera,11
package,11
difficultly,11
buckle,11
preeclampsia,11
avoiding,11
intoxication,11
jelly,11
approaches,11
prescribing,11
mart,11
hormonal,11
evacuate,11
teens,11
tag,11
contraindications,11
acyclovir,11
rheumatologic,11
burs,11
gaf,11
pneumococcal,11
libido,11
produces,11
respective,11
otoscopic,11
somnolence,11
discharges,11
fluoroscope,11
assume,11
unasyn,11
extrusion,11
curet,11
rubbing,11
resections,11
lotensin,11
repetitively,11
seafood,11
regained,11
racing,11
perimeter,11
dosimetrist,11
blackouts,11
meshed,11
aortocoronary,10
cottonoids,10
reinspected,10
solving,10
pleuritic,10
coaptation,10
circuit,10
jorgenson,10
compresses,10
splenius,10
capitis,10
thrombolysis,10
capstone,10
warmed,10
retroversion,10
satinsky,10
architectural,10
sustaining,10
dialed,10
homan,10
dorsey,10
reposition,10
cystopyelogram,10
fertility,10
hemophilia,10
valproic,10
radiculitis,10
perivascular,10
principles,10
pulp,10
lymphocytic,10
obliteration,10
endeavor,10
viii,10
grommet,10
esrd,10
transparent,10
homonymous,10
shunts,10
semiovale,10
upstrokes,10
awakens,10
encroachment,10
econopred,10
trialed,10
organized,10
adenotonsillectomy,10
mvr,10
mechanically,10
estrogen,10
traversed,10
blister,10
spend,10
bmw,10
reliable,10
magnum,10
peduncle,10
built,10
wider,10
spindle,10
inhalant,10
unilateral,10
supranasal,10
orchiectomy,10
echotexture,10
playful,10
restylane,10
nephew,10
mag,10
disabling,10
bench,10
studding,10
responsible,10
nil,10
vaccines,10
sampling,10
trabeculations,10
robitussin,10
uteroovarian,10
myalgia,10
mua,10
operated,10
cystitome,10
conquer,10
iol,10
picc,10
bother,10
psh,10
menarche,10
hydrate,10
colorless,10
shotty,10
epididymal,10
ellik,10
choroidal,10
bloating,10
answering,10
malecot,10
delightful,10
aqueduct,10
biophysical,10
colonization,10
iupc,10
lvef,10
distributions,10
tpa,10
indermil,10
garden,10
ensuing,10
positively,10
ductotomy,10
pravastatin,10
bored,10
crusting,10
helmet,10
offs,10
delee,10
lib,10
neosure,10
macrosomia,10
holiday,10
somebody,10
carolina,10
aspirating,10
inserter,10
hydrodelineation,10
colpocleisis,10
surveyed,10
weil,10
psych,10
intraepithelial,10
nulliparous,10
movable,10
fiberwire,10
adamant,10
garbled,10
example,10
perfectly,10
torsed,10
suprapubically,10
hypermobility,10
stays,10
bioarc,10
pilonidal,10
cementing,10
cocktail,10
osteoarthritic,10
berman,10
ptca,10
discrepancy,10
kansas,10
hypoglycemic,10
otosclerosis,10
edc,10
rubella,10
orbitozygomatic,10
undiagnosed,10
yag,10
amenable,10
halves,10
promethazine,10
hyperbilirubinemia,10
malodorous,10
formalin,10
implied,10
entrapping,10
cure,10
spermatocelectomy,10
enters,10
interventricular,10
conception,10
palpations,10
cleansing,10
hemolysis,10
intermuscular,10
challenges,10
motorcycle,10
gunshot,10
qualified,10
spina,10
bifida,10
hem,10
pinholing,10
rims,10
tomography,10
assessments,10
omni,10
hemashield,10
transdermal,10
viscera,10
exquisite,10
labial,10
dddr,10
learned,10
mersilene,10
calling,10
priapism,10
bout,10
scoring,10
targets,10
tibiotalar,10
paralumbar,10
femurs,10
dextrose,10
spurling,10
ahmed,10
accompanying,10
translator,10
uremia,10
phallus,10
asks,10
cognitively,10
antiretroviral,10
decompensated,10
colorectal,10
epithelialization,10
skeleton,10
leaves,10
robaxin,10
bracing,10
pneumonic,10
diverticuli,10
normalized,10
disturbed,10
suffer,10
season,10
oximeter,10
scientific,10
subglandular,10
tca,10
warned,10
leukocyte,10
prostatitis,10
tremendous,10
activation,10
keeps,10
temazepam,10
amoxil,10
regrasped,10
retroverted,10
rovsing,10
visitation,10
ffp,10
retinas,10
modulated,10
disorientation,10
splitting,10
alloderm,10
atv,10
rpe,10
accommodative,10
wise,10
inc,10
affects,10
periorbita,10
sobriety,10
conformal,10
intermixed,10
maybe,10
pulsation,10
desaturations,10
translation,10
cornual,10
particulate,10
miss,10
warmer,10
exist,10
nasopharyngoscopy,10
spared,10
entertained,10
sober,10
trifurcates,10
competitive,10
book,10
sah,10
schizoaffective,10
bled,10
ellis,10
army,10
defective,10
palpebral,10
desirable,10
hemicraniectomy,10
deteriorate,10
discoid,10
spectral,10
aicd,10
absolute,10
pneumonias,10
socket,10
tenotomized,10
serratus,10
classical,10
fingernail,10
blanching,10
hydrosalpinx,10
utis,10
hyperactive,10
ninth,10
routinely,10
mirapex,10
sprayed,10
photodocumentation,10
counselor,10
donate,10
buddy,10
culprit,10
tesla,10
snug,10
crossover,10
comprehend,10
pyramid,10
paying,10
cylinders,10
clinician,10
abusive,10
fib,10
metacarpals,10
caffeinated,10
chores,10
intraluminal,10
bruised,10
portnoy,10
gaping,10
grayscale,10
van,10
graded,10
navy,10
pleur,10
aca,10
fibromuscular,10
metatarsus,10
dedo,10
entropion,10
anticoagulants,10
vulvectomy,10
supplies,10
xience,10
periprostatic,10
sebaceous,10
brushings,10
gangrene,10
intracapsular,10
otolaryngology,10
tinetti,10
quietly,10
bipolared,10
thoracostomy,10
wedged,10
deglutition,10
jar,10
transrectal,10
palates,10
neutrophil,10
anasarca,10
pericostal,10
planovalgus,10
talocalcaneal,10
thoracoabdominal,10
bubbles,10
fluctuated,10
canalized,10
radiometer,10
hemoximeter,10
accumulations,10
sole,10
partum,10
controlling,10
certainty,10
hyperventilated,10
descent,10
dysesthesia,10
interpretations,10
fungating,10
myochromic,10
extrinsic,10
antrostomy,10
degloved,10
bath,10
angioma,10
microglobulin,10
qam,10
traverses,10
menisci,10
enteric,10
concur,10
stranded,10
stocking,10
plugged,10
controller,10
destination,10
transmission,10
officer,10
superolateral,10
functionally,10
ending,10
impending,10
disadvantages,10
flovent,10
thermocoagulation,10
ppi,10
gastroscopy,10
multivessel,10
forgot,10
wheel,10
magnitude,10
lord,10
pledgeted,10
intercuspation,10
intraorally,10
scoop,10
hyperesthesia,10
contouring,10
fluctuations,10
millimeters,10
hydroxychloroquine,10
tenons,10
senior,10
inflations,10
asahi,10
lamotrigine,10
decongestant,10
svc,10
evolving,10
atelectatic,10
myxoid,10
crumbly,10
tuck,10
neuritis,10
jugulodigastric,10
opacities,10
recalling,10
levofloxacin,10
aftercare,10
confrontational,10
epithelialized,10
furrow,10
tram,10
nutritionist,10
noninjected,10
urticaria,10
frustration,10
paresis,10
polysporin,10
subtest,10
wore,10
mucoperichondrium,10
immigrated,10
nasacort,10
rinne,10
interatrial,10
preexisting,10
subcapsular,10
microcalcifications,10
iud,10
anticholinergics,10
shirt,10
scotty,10
communicated,10
pharmacologic,10
tetrofosmin,10
somehow,10
germany,10
intentionally,10
efflux,10
intracameral,10
mcp,10
crack,10
aide,10
chip,10
peribulbar,10
sdh,10
confluent,10
rinsed,10
flipped,10
endolaser,10
doripenem,10
sonogram,10
juice,10
hypodensity,10
thalamus,10
withdraw,10
supra,10
miliary,10
concha,10
slices,10
engorgement,10
designated,10
bowman,10
odontogenic,10
morse,10
underside,10
tolerable,10
voicing,10
magnet,10
spep,9
hypodense,9
crusted,9
tightening,9
pyuria,9
raney,9
bleeder,9
detectable,9
candy,9
flowing,9
excluding,9
stationary,9
echocardiographic,9
paraspinous,9
robust,9
investigate,9
altace,9
neuron,9
thirteen,9
comparisons,9
profuse,9
spit,9
uniform,9
asynchrony,9
natriuretic,9
tisseel,9
attendant,9
timoptic,9
cognition,9
physiology,9
workouts,9
antiarrhythmic,9
jowl,9
micropore,9
sideburn,9
subglottis,9
race,9
interphalangeus,9
shiny,9
alleviating,9
stabilizing,9
recur,9
docusate,9
hereditary,9
navicula,9
grabbed,9
orthogonal,9
cryptococcal,9
urosepsis,9
connect,9
osteochondromas,9
mrc,9
grayish,9
pituitaries,9
programming,9
dorsolinear,9
lightly,9
swabs,9
terrible,9
hardening,9
tapers,9
maximally,9
purse,9
accomplish,9
pacerone,9
encephalitis,9
debilitating,9
codes,9
magna,9
contract,9
jaundiced,9
building,9
blurring,9
apices,9
itch,9
pmt,9
gastrotomy,9
thirty,9
microinstrument,9
laying,9
deposition,9
voided,9
conversely,9
infantile,9
pediasure,9
rasps,9
cellcept,9
pioneer,9
methyl,9
tricortical,9
accelerated,9
trimester,9
intrathoracic,9
neuroforamen,9
interspinous,9
sedative,9
blinking,9
concavity,9
tentatively,9
abrupt,9
medialized,9
suprasternal,9
channels,9
dyspneic,9
danger,9
syndromes,9
manipulate,9
prostaglandin,9
duck,9
overgrowth,9
propelled,9
imbalance,9
recline,9
lamella,9
verrucous,9
esophagogastrectomy,9
antecolic,9
pyogenic,9
planar,9
stricturing,9
opinions,9
perceived,9
peritonealized,9
reforming,9
nephrologist,9
reassessment,9
restlessness,9
infertility,9
excursions,9
orotracheal,9
command,9
ample,9
fremitus,9
axillae,9
adrenaline,9
grooved,9
folding,9
committed,9
teenager,9
mall,9
fugax,9
adductors,9
illicited,9
correspond,9
floating,9
landing,9
supraclinoid,9
gingivobuccal,9
preparing,9
remembers,9
decrement,9
lunesta,9
parieto,9
cervicothoracic,9
deformed,9
efficiency,9
darkened,9
mastectomies,9
adequacy,9
statins,9
inactive,9
myomectomy,9
russian,9
creases,9
inconclusive,9
antimesenteric,9
lytic,9
sizeable,9
peritrigonal,9
climb,9
milked,9
necrotizing,9
henry,9
retromalleolar,9
associate,9
invited,9
seemingly,9
mondays,9
porcine,9
balancing,9
reddish,9
buttressed,9
symptomatically,9
thrombocytosis,9
totaling,9
bike,9
addressing,9
occluding,9
straw,9
twelve,9
observing,9
narcan,9
releases,9
claw,9
exophthalmos,9
biggest,9
nitrofurantoin,9
prolongation,9
pressurized,9
amaurosis,9
depend,9
recollect,9
procardia,9
gravis,9
leiomyosarcoma,9
muscularis,9
outward,9
vistaril,9
proptosis,9
myasthenia,9
addiction,9
foreshortened,9
baseplate,9
lyses,9
excruciating,9
pay,9
partly,9
agency,9
indices,9
nortriptyline,9
temperatures,9
shorter,9
spider,9
clozaril,9
dystonia,9
rested,9
sometime,9
instances,9
obstetrical,9
consequently,9
trask,9
briskly,9
sinusoidal,9
unobstructed,9
septations,9
relations,9
coagulating,9
photo,9
deconditioning,9
guaifenesin,9
hyper,9
vascularized,9
leptomeningeal,9
zegerid,9
schistosomiasis,9
leukopenia,9
soles,9
cryotherapy,9
enoxaparin,9
ifat,9
lhermitte,9
multiplex,9
mononeuritis,9
buktenica,9
hydroxyzine,9
estradiol,9
harassed,9
beery,9
graphesthesia,9
diflucan,9
preferred,9
vacation,9
azotemia,9
magnesia,9
differentiation,9
proliferative,9
imitrex,9
feosol,9
ant,9
bait,9
spilled,9
lazy,9
distorted,9
workload,9
cialis,9
uncertainty,9
epicardial,9
lucency,9
thomason,9
allows,9
vasculopathy,9
anteroposterior,9
scaphoid,9
subperiosteally,9
vertebroplasty,9
laryngotracheoplasty,9
durotomy,9
tax,9
recollection,9
uninterrupted,9
thrive,9
translates,9
drs,9
nab,9
tova,9
trigrams,9
simplex,9
foreseeable,9
ruff,9
sdmt,9
mae,9
micropuncture,9
pasat,9
radiolucent,9
anchoring,9
junctional,9
customized,9
erythropoietin,9
microsagittal,9
compressibility,9
metatarsals,9
landmark,9
compress,9
purely,9
neurobehavioral,9
repeatable,9
rbans,9
paraneoplastic,9
proteins,9
wtar,9
clockwise,9
selections,9
iiic,9
rast,9
bitemporal,9
midnight,9
reinforce,9
printed,9
screens,9
fallen,9
emphasized,9
antiseptic,9
nonverbal,9
computerized,9
hallpike,9
huge,9
basket,9
sap,9
sport,9
cachectic,9
permit,9
seating,9
indocin,9
deltoids,9
assigned,9
valsartan,9
lifetime,9
chondroitin,9
retirement,9
copies,9
fusions,9
expired,9
nuts,9
snugly,9
burping,9
scaling,9
emla,9
gathered,9
frenulum,9
abdominus,9
cyclosporine,9
purple,9
ultrasonography,9
estranged,9
yelling,9
deposits,9
interaction,9
testosterone,9
restraints,9
intramuscularly,9
identity,9
preformed,9
delirium,9
electrocardiographic,9
observations,9
cries,9
enjoyed,9
witness,9
apneas,9
pamelor,9
anticoagulated,9
coapt,9
embolic,9
interfere,9
repairing,9
granulomas,9
hydroureter,9
tethering,9
communis,9
viscous,9
omega,9
collimator,9
debride,9
measurable,9
usa,9
pretarsal,9
volvo,9
stacker,9
marginalis,9
redraped,9
superficialis,9
subcentimeter,9
disclose,9
situated,9
tri,9
phleboliths,9
cleavage,9
chorea,9
serve,9
gastroepiploic,8
seattle,8
intramediastinal,8
perspective,8
mastopexy,8
world,8
lawn,8
paraphimosis,8
spreading,8
submit,8
haart,8
reamers,8
fascias,8
slr,8
hypoalbuminemia,8
sealing,8
supermorbid,8
perihilar,8
acetylcholine,8
arteriograms,8
immobilization,8
reinnervation,8
convex,8
clumsiness,8
canine,8
swell,8
omniflush,8
cavitary,8
subjectively,8
jones,8
hoffa,8
fna,8
guage,8
aggrenox,8
refracture,8
miller,8
drips,8
web,8
encroaching,8
invade,8
microcytosis,8
distracting,8
introducers,8
maverick,8
approaching,8
malunion,8
zanaflex,8
straining,8
context,8
sedentary,8
occluder,8
resistances,8
tortuosity,8
hemilaminectomy,8
kessler,8
portland,8
zones,8
twenty,8
picu,8
voyager,8
occlusal,8
literally,8
sulfamylon,8
wood,8
impressions,8
gripping,8
represented,8
allowance,8
cars,8
cheese,8
transconjunctival,8
phisohex,8
neovascularization,8
targeted,8
angiocath,8
aplastic,8
pancytopenia,8
discord,8
outstretched,8
corona,8
codman,8
preseptal,8
shocks,8
pared,8
eosinophilic,8
pericranium,8
pericranial,8
mucocele,8
macromastia,8
forearms,8
aryepiglottic,8
ectasia,8
tcu,8
lvao,8
mute,8
faster,8
nonischemic,8
breakage,8
manifestation,8
digitalis,8
erratic,8
charges,8
seclusion,8
palliative,8
cooper,8
bunched,8
strange,8
lorcet,8
mouthwash,8
international,8
rdw,8
polarity,8
onychomycosis,8
coapted,8
intraarticularly,8
nsvd,8
hemoclipped,8
outbreak,8
episiotomy,8
panalok,8
nonacute,8
parietooccipital,8
schatzker,8
vegetable,8
eliminated,8
meats,8
mydriacyl,8
devised,8
overlapped,8
hyperplastic,8
swimming,8
mpj,8
cortisol,8
meetings,8
terminate,8
hemianopsia,8
korea,8
trileaflet,8
cetaphil,8
math,8
equivalents,8
scooter,8
malpresentation,8
interceed,8
cardioembolic,8
heterogenous,8
bedroom,8
broadening,8
detained,8
resides,8
bulbous,8
fewer,8
situations,8
jobs,8
talkative,8
grandiose,8
celesta,8
previa,8
edd,8
patulous,8
rotational,8
fragmentation,8
necessitate,8
vasovagal,8
epilepticus,8
laminae,8
kyphoscoliosis,8
fluttering,8
monoclonal,8
mmh,8
neurocutaneous,8
latest,8
biatrial,8
immunofixation,8
reflects,8
trimalleolar,8
reddened,8
peer,8
echogenic,8
inferotemporally,8
patched,8
welcome,8
sigma,8
telling,8
rats,8
superonasally,8
mural,8
plugs,8
nonbloody,8
donation,8
flights,8
bactroban,8
facts,8
amniocentesis,8
stores,8
ponsky,8
robot,8
remeron,8
stenosed,8
ewing,8
glandular,8
existed,8
immunosuppressive,8
immobile,8
oversewed,8
theta,8
assuming,8
transabdominal,8
tomographic,8
adolescence,8
accu,8
auscultatory,8
suboptimally,8
pneumothoraces,8
macrobid,8
kempt,8
glabrous,8
plenty,8
combative,8
lifelong,8
ethmoiditis,8
interposed,8
column,8
enabling,8
pollack,8
styloidectomy,8
microinvasive,8
sofamor,8
concomitant,8
cardiologic,8
joined,8
electronystagmography,8
supratemporal,8
hint,8
pro,8
isosorbide,8
precordial,8
hypoperfusion,8
dissectors,8
lcx,8
socializing,8
realizes,8
aqueductal,8
forcep,8
methodist,8
binding,8
iga,8
utah,8
snapped,8
tenon,8
denture,8
aesculap,8
macrocephaly,8
offset,8
staring,8
nasion,8
separator,8
leafs,8
mylanta,8
guess,8
flashing,8
castleman,8
popliteus,8
perlane,8
augment,8
hyperkeratotic,8
converging,8
bee,8
alternatively,8
patrick,8
metered,8
levothroid,8
dsdna,8
acromiale,8
ophthalmoscopy,8
rectovaginal,8
prism,8
eyelash,8
canthotomy,8
among,8
recognize,8
tympanosclerosis,8
missionary,8
htlv,8
elisa,8
peritendinous,8
cardura,8
lft,8
particles,8
carrots,8
roth,8
requip,8
establishment,8
discharging,8
rechecking,8
gamma,8
hemotympanum,8
alligator,8
posterosuperior,8
vasotec,8
elocon,8
industries,8
chewing,8
newton,8
aeration,8
interhemispheric,8
craniosynostosis,8
infrequent,8
deliveries,8
tearfulness,8
piston,8
duramorph,8
canalicular,8
accounting,8
corporation,8
save,8
headholder,8
pterional,8
investigated,8
moya,8
duodenitis,8
subluxed,8
subluxing,8
cephalexin,8
leep,8
vannas,8
denying,8
punctures,8
managing,8
diagonals,8
ballooned,8
crushing,8
bends,8
subperichondrial,8
transfixion,8
histoplasmosis,8
cefazolin,8
socks,8
successive,8
vera,8
skateboarding,8
pilocarpine,8
vasopressors,8
cobalt,8
septicemia,8
pta,8
masters,8
polycythemia,8
iridectomy,8
teaspoons,8
cel,8
gowned,8
merocel,8
repositioning,8
actonel,8
television,8
teachers,8
asterixis,8
revoked,8
appendicectomy,8
chlorambucil,8
tapazole,8
suppressed,8
transecting,8
invaded,8
precipitating,8
displacing,8
pomeroy,8
washer,8
gluten,8
microfracture,8
striker,8
frayed,8
amnesia,8
rubbery,8
richardson,8
diathesis,8
preputial,8
bcg,8
transaxial,8
threat,8
inhomogeneous,8
ataxic,8
vesical,8
felodipine,8
mrcp,8
hypofunction,8
mediport,8
osi,8
mestinon,8
hydrocelectomy,8
hemorrhoidal,8
extremes,8
polymethyl,8
translated,8
page,8
oppositionality,8
keel,8
pressors,8
isoenzymes,8
stung,8
stentless,8
modular,8
sweets,8
lateralize,8
broached,8
lake,8
jak,8
ringer,8
enterolysis,8
yielding,8
moistened,8
applier,8
obtainable,8
pneumovax,8
laryngitis,8
plagiocephaly,8
dealt,8
freeze,8
tailored,8
philadelphia,8
vasomotor,8
degenerating,8
atheromatous,8
opposing,8
benzodiazepine,8
charnley,8
internist,8
refreshed,8
baltimore,8
triamterene,8
cytometry,8
videoscope,8
photography,8
transition,8
analog,8
anytime,8
awaking,8
wand,8
tonsillolith,8
ethmoidectomy,8
knob,8
thymectomy,8
kilograms,8
atriotomy,8
coursed,8
remicade,8
enteritis,8
buck,8
buttonholed,8
reconstitute,8
periligamentous,8
studied,8
retrosternal,8
avf,8
turbinectomy,8
bierman,8
watts,8
ropivacaine,8
diclofenac,8
continent,8
sensorineural,8
reiterate,8
nesbit,8
sensorium,8
peyronie,8
childbirth,8
formerly,8
alta,8
ursodiol,8
intrasubstance,8
kids,8
optiprobe,8
monogamous,8
kindergarten,8
jerking,8
rmca,8
microscopically,8
sparse,8
opsite,8
palms,8
endometrioma,8
biology,8
paracervical,8
auricles,8
roa,8
aggregate,8
sectioned,8
sewing,8
vasopressin,8
midsection,8
resources,8
pregnancies,8
blalock,8
taussig,8
bernstein,8
temporo,8
projected,8
rftc,8
allodynia,8
periapical,8
promptly,8
fitting,8
myoglobin,8
laminectomies,8
hemostated,8
listen,8
cancellation,8
visipaque,8
honan,8
scotoma,8
sem,8
deflected,8
takahashi,8
permitted,8
choanae,8
nonbilious,8
hypoparathyroidism,8
harder,8
cartridge,8
exterior,8
lowering,8
mcpherson,8
perihepatic,8
nondysmorphic,8
thumbs,8
recognition,8
rumel,8
hoarse,8
suprafascial,8
tracheoesophageal,8
graftotomy,8
sticking,8
operatively,8
shadow,8
impinged,8
evacuator,8
polished,8
jamshidi,8
hemiparetic,8
fox,8
pauses,8
clavicles,8
vesicare,8
shelved,8
stature,8
alleviated,8
peritonsillar,8
aortotomies,8
considerations,8
export,8
unfolded,8
translocated,8
pager,8
endoloop,8
hyperdynamic,8
klebsiella,8
lipomatous,8
ethicon,8
hyperpigmented,8
svg,8
drusen,8
xalatan,8
reconfirmed,8
transnasal,8
gonioscopy,8
dissipated,8
humphrey,8
ranks,8
holmium,8
kilos,8
restaging,8
femoroacetabular,8
neutropenic,8
varies,8
brachialis,8
mcl,8
goldenhar,8
fortunately,8
tough,8
passively,8
articularly,8
posteroinferior,8
coracohumeral,8
worn,8
nearest,8
shavers,8
expand,8
mixing,8
derangement,8
oxybutynin,8
island,8
slipping,8
monocular,8
postanesthetic,8
drunk,8
pegboard,8
hill,8
sachs,8
tentorium,8
verumontanum,8
depressions,8
determining,8
nebulizers,8
hematomas,8
bobbin,8
confident,8
keith,8
rvvt,8
methylmalonic,8
mesiotemporal,8
bizarre,8
mikulicz,8
recreated,8
ecotrin,8
vaporization,8
apprised,8
eleven,8
ulnarly,8
hematopoietic,8
associative,8
constructional,8
praxis,8
glycoprotein,8
mornings,8
backside,8
hall,8
peep,8
bal,8
tesio,8
thread,8
crypts,8
kyphon,8
propped,8
bagging,8
incentive,8
halfway,8
taping,8
circulating,8
precisely,8
injuring,8
hang,8
eczematous,8
sluggish,8
syrup,8
hemispheres,8
prove,8
reciprocal,8
share,8
dob,8
pursuing,8
tamps,8
crew,8
radiopaque,8
armstrong,8
implantable,8
renagel,8
males,8
poured,8
triphasic,8
procainamide,8
packets,8
engagement,8
toothbrush,8
extracapsular,8
aka,8
transumbilical,8
multipurpose,8
canaliculus,8
ventriculomegaly,8
concentrating,8
scotomata,8
territory,8
simulator,8
hepatobiliary,8
diagram,8
navigate,8
intellectual,8
hyperbaric,8
pex,8
sperm,8
participates,8
rust,8
clopidogrel,8
menopause,8
interloop,8
polyarthritis,8
maxalt,8
morton,8
bolster,8
authorization,8
tagging,8
continually,8
revised,8
reexamination,8
nezhat,8
soak,8
posteromedial,8
encounter,8
cousin,8
shepherd,8
fiorinal,8
chisel,8
ostiomeatal,8
niacin,8
anion,8
evaluative,8
dimer,8
peroxide,8
syme,8
sea,8
vaginally,8
intracavitary,8
fda,8
hyperfractionated,8
constraints,8
hypertropia,8
grave,8
ultravist,8
gating,8
loratadine,8
terrace,8
restoril,8
artifacts,8
instrumented,8
intention,8
bloodless,8
stages,8
prefers,8
pulmozyme,8
aseptically,8
ets,8
origins,8
screened,8
tyler,8
lonely,8
isodose,8
generously,8
aquaplast,8
backflow,8
langer,8
acalculous,8
nissen,8
rbcs,8
rendered,8
dentin,8
fluoride,8
gingivitis,8
throw,8
rescue,8
ecchymotic,8
tracheobronchitis,8
visualizing,7
eleventh,7
coagulate,7
dic,7
contiguous,7
faxed,7
hba,7
patellas,7
stanford,7
spheres,7
kegel,7
astigmatism,7
inverse,7
hockey,7
administer,7
pinched,7
munro,7
scout,7
restaurant,7
housing,7
olfactory,7
abort,7
discernible,7
epididymides,7
esteem,7
qualifies,7
compensatory,7
coping,7
perirenal,7
impulsivity,7
anteromedially,7
rejected,7
donating,7
gastrectomy,7
dilatations,7
mic,7
swinging,7
vomerine,7
preanesthesia,7
intersecting,7
reevaluate,7
capsulorrhaphy,7
myotonia,7
strains,7
coma,7
violated,7
slower,7
professional,7
fearful,7
provigil,7
interposition,7
mexican,7
eburnation,7
ascertained,7
pyramidal,7
tympanogram,7
presumptive,7
discordance,7
irises,7
multitude,7
metaphysis,7
electric,7
rituxan,7
palpatory,7
oncologic,7
catheterize,7
proctitis,7
cereal,7
useful,7
statement,7
declared,7
nipples,7
christmas,7
tattoo,7
heavier,7
frail,7
completes,7
nebulization,7
ingrowth,7
radially,7
glide,7
jefferson,7
subtests,7
headlight,7
hemostased,7
smiling,7
peanut,7
compressible,7
infuse,7
posterolaterally,7
fatigability,7
sun,7
genesis,7
ultra,7
communicates,7
hyolaryngeal,7
intramural,7
cheeks,7
suspects,7
snores,7
gold,7
disarticulated,7
neoplastic,7
sulfasalazine,7
swallows,7
heartbeats,7
omentectomy,7
cystoscopic,7
egg,7
precluding,7
container,7
referable,7
utilization,7
excited,7
profusely,7
rough,7
regulate,7
firings,7
characteristic,7
softener,7
deflate,7
hostile,7
floppy,7
proportion,7
loses,7
dorm,7
programs,7
ups,7
costovertebral,7
stamina,7
patanol,7
insertions,7
mononitrate,7
cracker,7
wooden,7
backache,7
buspar,7
avandia,7
specification,7
athlete,7
mutation,7
sweat,7
fridays,7
abductors,7
incontinent,7
anterosuperior,7
tapes,7
succinylcholine,7
cardiorespiratory,7
concurred,7
associations,7
realistic,7
tobramycin,7
insulated,7
delicate,7
ledge,7
aerated,7
microsurgical,7
temporoparietal,7
frontoparietal,7
mononucleosis,7
gcs,7
blow,7
ehl,7
interarticularis,7
spironolactone,7
arytenoid,7
pressing,7
fork,7
desirous,7
nobody,7
hymen,7
hoffmann,7
commented,7
las,7
duragesic,7
ngt,7
interface,7
unplanned,7
brady,7
parameter,7
urinated,7
cruise,7
eaten,7
chang,7
fortaz,7
kaplan,7
oroendotracheal,7
inferobasilar,7
covers,7
duraplasty,7
hemoperitoneum,7
reattachment,7
exceptionally,7
hidden,7
peers,7
news,7
thinner,7
boat,7
clitoris,7
passer,7
gemcitabine,7
reapplied,7
beef,7
zestril,7
miscarriages,7
integration,7
ciloxan,7
localizes,7
punctum,7
hypothyroid,7
yard,7
elliptically,7
arrangement,7
lobar,7
megace,7
polycystic,7
ionized,7
inherited,7
intrapartum,7
causation,7
journal,7
attends,7
anonymous,7
cisplatin,7
adriamycin,7
surprise,7
slurring,7
ride,7
rayed,7
mile,7
northwest,7
toxicology,7
mevacor,7
evista,7
babies,7
ada,7
descend,7
tracks,7
steep,7
docked,7
acetate,7
bilious,7
femara,7
electron,7
brooklyn,7
doors,7
toxoplasmosis,7
gall,7
modifications,7
easier,7
enfamil,7
pursued,7
terminating,7
bigeminy,7
wakefulness,7
insure,7
demanding,7
attentive,7
evenly,7
shared,7
badly,7
gentamycin,7
supplemented,7
minora,7
thoracolumbar,7
francisco,7
confinement,7
lobular,7
bothers,7
sarcoidosis,7
women,7
indomethacin,7
urologic,7
chewable,7
penicillamine,7
buildup,7
hypoplasia,7
trailer,7
contamination,7
presacral,7
transvaginal,7
medialization,7
exquisitely,7
millisecond,7
venotomy,7
intolerant,7
cal,7
arava,7
histiocytes,7
glucotrol,7
hemoclip,7
interrogated,7
dix,7
mentally,7
saccadic,7
ductions,7
pulseless,7
prepuce,7
stomachache,7
illusions,7
starlix,7
discretion,7
dissociation,7
hypopneas,7
secretary,7
footplates,7
travels,7
warts,7
contraception,7
famotidine,7
avoids,7
carafate,7
exaggerated,7
priors,7
enable,7
anthracotic,7
retroauricular,7
caregiver,7
cramp,7
sandwich,7
nasalis,7
penetrate,7
provocation,7
reassess,7
interpret,7
dysthymia,7
assault,7
kantrex,7
diaphoretic,7
empiric,7
disabilities,7
postvoid,7
suv,7
ipratropium,7
preemie,7
papillomatosis,7
silhouette,7
lhm,7
ectopia,7
craniovertebral,7
atlantoaxial,7
games,7
cuddly,7
altercation,7
conferred,7
esophagoscope,7
hydradenitis,7
subq,7
consenting,7
label,7
helicobacter,7
ino,7
polydek,7
seeming,7
sporadic,7
transferring,7
ultrasounds,7
rugal,7
dementing,7
antacid,7
charts,7
palpating,7
adapted,7
zaroxolyn,7
seromuscular,7
protocols,7
wheels,7
clients,7
harbor,7
refrain,7
cyclen,7
yours,7
pericolonic,7
mechanic,7
stimulate,7
effectiveness,7
antiinflammatory,7
terbutaline,7
matted,7
hypercalcemia,7
prolapsed,7
brevital,7
arthrogram,7
infarcts,7
butcher,7
desk,7
mainstream,7
adrenals,7
workstation,7
analyzed,7
circumareolar,7
quad,7
glottis,7
transiently,7
deficiencies,7
teenage,7
pants,7
subluxations,7
overhead,7
pulsavac,7
nephro,7
generation,7
osteal,7
stryker,7
issued,7
adenomas,7
colonoscopies,7
indefinitely,7
exacerbating,7
pinnae,7
dorsiflexed,7
restarting,7
realized,7
teach,7
crutch,7
practically,7
accommodated,7
afi,7
transitioned,7
turcica,7
scrape,7
party,7
scm,7
tuft,7
aging,7
suppose,7
optimum,7
nitrates,7
recommending,7
oversedation,7
cardioverter,7
contaminated,7
nitrazine,7
intubate,6
inset,6
neonipple,6
maltese,6
submaxillary,6
electrobovie,6
modality,6
derogatory,6
summarize,6
handling,6
spaced,6
dacuronium,6
erich,6
iliotibial,6
cholangiocarcinoma,6
hemibody,6
drums,6
bifurcate,6
biomechanics,6
teno,6
oval,6
reestablished,6
spikes,6
torp,6
anyone,6
pilon,6
auto,6
canthopexy,6
corrugator,6
waddell,6
suborbicularis,6
niche,6
angioedema,6
picaroon,6
notation,6
constitute,6
caseating,6
shelving,6
impersistence,6
positives,6
conformality,6
interdomal,6
cavum,6
mlo,6
coags,6
staph,6
onc,6
ergocalciferol,6
fenofibrate,6
principle,6
banded,6
medtronics,6
ddd,6
prepregnancy,6
whatever,6
arrives,6
isoimmunization,6
obstetrician,6
externalized,6
scleritis,6
ibiken,6
airdrop,6
warning,6
harnesses,6
electrodiagnostic,6
cycling,6
justel,6
impresses,6
epicondylo,6
epimysial,6
spongiosum,6
tarsometatarsal,6
swiss,6
caliper,6
tenosynovium,6
kaczander,6
fungi,6
casual,6
procerus,6
tether,6
proximity,6
attach,6
marshall,6
immunocompromise,6
oxygenated,6
throne,6
flexing,6
midpalm,6
dbs,6
screener,6
fibroadenoma,6
whereby,6
obtains,6
aristocort,6
soapy,6
nebs,6
relapsing,6
unwilling,6
venostasis,6
varner,6
hyperparathyroidism,6
armpits,6
munson,6
dragging,6
entrained,6
polyphasic,6
fdi,6
transversus,6
iliopubic,6
wolff,6
oro,6
placud,6
wad,6
orange,6
deflection,6
symmetrization,6
postcutting,6
nasolaryngoscopy,6
gouty,6
refined,6
ageing,6
observable,6
strictured,6
alphagan,6
moderating,6
cefepime,6
dialytic,6
premier,6
neurodiagnostics,6
tts,6
restorable,6
incompetent,6
subconjunctivally,6
bipedal,6
diskitis,6
promise,6
paged,6
smeared,6
shears,6
desufflate,6
hemodiafiltration,6
kayexalate,6
diets,6
seminar,6
funnel,6
levaeuin,6
cautiously,6
granular,6
pilates,6
neuromodulator,6
mhz,6
depressing,6
sequelae,6
subciliary,6
detailing,6
kool,6
krackow,6
valtrex,6
sink,6
lily,6
totals,6
cuffs,6
dentigerous,6
volumetric,6
bossings,6
aspirations,6
readied,6
calluses,6
gms,6
precarinal,6
oculocephalic,6
cuneiform,6
interesting,6
facetal,6
scripts,6
magnetic,6
resonance,6
thoracalgia,6
thalamic,6
eroded,6
bica,6
indent,6
coccygeal,6
superonasal,6
tularemia,6
misuse,6
emphasis,6
confidentiality,6
concepts,6
inmate,6
gelport,6
maturity,6
myometrium,6
everyone,6
edb,6
recruitment,6
retrospective,6
weaved,6
breach,6
crepitance,6
shelled,6
nevi,6
trichloroacetic,6
pararenal,6
angiomyolipoma,6
colovesical,6
overactivity,6
iia,6
classroom,6
grandparents,6
temperament,6
gather,6
puboprostatic,6
vasodilator,6
mushroom,6
antegastric,6
polystan,6
kilogram,6
fundic,6
postcatheterization,6
duplication,6
duplicated,6
avapro,6
antivert,6
hazy,6
burying,6
cystourethropexy,6
transversing,6
marchetti,6
preforaminal,6
whitish,6
vicryls,6
dermatochalasis,6
krantz,6
heals,6
ultimate,6
endothoracic,6
hormones,6
cafe,6
lait,6
asis,6
dorsolaterally,6
serotonin,6
donjoy,6
pedialyte,6
grape,6
ukraine,6
celery,6
assembly,6
physics,6
radiopharmaceutical,6
extramural,6
fan,6
whipple,6
hypoactive,6
german,6
decongested,6
tensilon,6
thymoma,6
ampullae,6
epiretinal,6
vvir,6
amnioinfusion,6
myofascitis,6
watchers,6
triglyceride,6
iliofemoral,6
minimi,6
script,6
digiti,6
helical,6
nadolol,6
sci,6
mahurkar,6
unroofed,6
diplegic,6
onychocryptosis,6
regrown,6
impulsive,6
zinc,6
psi,6
fixator,6
blepharochalasia,6
lash,6
thoracoport,6
dsm,6
nauseous,6
coworker,6
pyeloureteroscopy,6
atarax,6
achy,6
aperture,6
scott,6
antiinflammatories,6
moods,6
cricopharyngeus,6
senna,6
pcf,6
aphthous,6
pipe,6
altogether,6
necessarily,6
custody,6
heaviness,6
enterogastritis,6
releasing,6
comorbid,6
nosebleed,6
tumescent,6
mse,6
eschar,6
hemosiderin,6
emu,6
ski,6
cholangiopancreatography,6
bigger,6
capoten,6
scalenes,6
generated,6
radiosensitive,6
eng,6
obstipation,6
erythematosus,6
prempro,6
hardly,6
boule,6
clapper,6
regulated,6
coverlet,6
blepharon,6
frontozygomatic,6
thrombocytopenic,6
musculocutaneous,6
perforations,6
thrombophlebitis,6
mallory,6
weiss,6
trapped,6
mucopurulent,6
engaging,6
volleyball,6
qvar,6
arteriosclerosis,6
lumbrical,6
crux,6
taxus,6
hypophonia,6
wrapping,6
etomidate,6
osteotomes,6
engraftment,6
epb,6
slides,6
actions,6
meningeal,6
excisions,6
graftings,6
autografting,6
endogen,6
inclinometry,6
esmolol,6
depletion,6
fingerstick,6
multiorgan,6
navicularis,6
kager,6
euphoric,6
reacting,6
ballooning,6
grid,6
drooping,6
lasercaine,6
sparc,6
lamisil,6
semitendinosus,6
musculotendinous,6
shielded,6
bifid,6
hypertriglyceridemia,6
motivated,6
shaven,6
neuropen,6
mesiolabial,6
detention,6
mammotome,6
brugada,6
catheterizing,6
mavik,6
beaumont,6
assay,6
commonly,6
sprue,6
dripping,6
alertness,6
aldex,6
culdoplasty,6
reconstruct,6
irradiation,6
hotel,6
malleable,6
sternochondral,6
transfixed,6
oswestry,6
uterosacrals,6
roticulator,6
mccall,6
throats,6
beverage,6
fishbone,6
whitnall,6
qday,6
capturing,6
betamethasone,6
coughs,6
epileptogenic,6
nonabsorbable,6
phlegm,6
net,6
cornu,6
cervicovaginal,6
ophthalmoscopic,6
mentions,6
property,6
baclofen,6
norcraft,6
sarcomatoid,6
amaryl,6
petrous,6
blighted,6
ovum,6
linings,6
resurfacing,6
copeland,6
saccades,6
acetowhite,6
tower,6
streaking,6
trails,6
tractioned,6
plum,6
hourglass,6
genuine,6
tenodesed,6
multiplied,6
eog,6
acromioplasty,6
projects,6
monocyte,6
optiray,6
reprepped,6
cytokeratin,6
shaky,6
remeasured,6
threw,6
brachiobasilic,6
baker,6
mylohyoid,6
aggravate,6
aphasic,6
tetralogy,6
fallot,6
faucial,6
otalgia,6
rhabdomyosarcoma,6
polar,6
thromboembolism,6
coracoclavicular,6
pizza,6
fissuring,6
repeats,6
subtractions,6
behalf,6
fax,6
opacified,6
reinflated,6
sma,6
vomitus,6
serological,6
conflict,6
exhibiting,6
possibilities,6
exhaustion,6
trapezium,6
osborne,6
penny,6
glomeruli,6
normocytic,6
catholic,6
extrapyramidal,6
goldman,6
episcleral,6
snuffbox,6
carpometacarpal,6
navigation,6
outcomes,6
instruct,6
fludrocortisone,6
novolin,6
unwell,6
zyvox,6
airline,6
allografts,6
orchidopexy,6
settle,6
interfering,6
detection,6
differences,6
warming,6
garment,6
stood,6
asystole,6
mobitz,6
primed,6
eri,6
overlap,6
flanks,6
hopkins,6
quivering,6
osteoarthrosis,6
inrs,6
addendum,6
lpca,6
gyriform,6
plant,6
xxxxxx,6
pacs,6
rump,6
electrophysiologist,6
optimization,6
peho,6
acted,6
adhere,6
flag,6
consulting,6
hemarthrosis,6
yankauer,6
ganciclovir,6
unrelated,6
normochromic,6
porta,6
ablate,6
prophylactically,6
prbcs,6
arouses,6
antacids,6
herbal,6
torus,6
tubarius,6
ucsf,6
symptomology,6
carrier,6
frito,6
static,6
auricle,6
tranxene,6
gull,6
valvuloplasty,6
rami,6
eagle,6
combinations,6
hemianopia,6
equalization,6
perforators,6
collateralized,6
contin,6
plastibell,6
hdr,6
eyedrops,6
hypoventilation,6
acrysof,6
hydrodelineated,6
sculpted,6
intratendinous,6
implanting,6
mekongi,6
parasite,6
eradication,6
molluscum,6
contagiosum,6
hpv,6
acromial,6
scanned,6
caliceal,6
nigeria,6
prostatism,6
airbag,6
medullaris,6
motorized,6
osteoplasty,6
plantolaterally,6
herpetic,6
horns,6
tacks,6
adson,6
keratoprosthesis,6
intrinsics,6
player,6
dulcolax,6
preretinal,6
distances,6
ragnell,6
umbilically,6
clue,6
cimetidine,6
ligaclips,6
aneurysmal,6
deliverance,6
cricothyrotomy,6
outlying,6
episcopal,6
salmeterol,6
surroundings,6
infarctions,6
cryosurgery,6
infrequently,6
files,6
excavation,6
periappendicitis,6
starclose,6
dives,6
underling,6
suppository,6
subpectoral,6
kentucky,6
immunology,6
signing,6
impressive,6
maculopapular,6
mcbride,6
hyperpigmentation,6
orthopro,6
hemolyzed,6
retrocecal,6
womac,6
awhile,6
multifidus,6
accompanies,6
mgus,6
existence,6
provides,6
acceleration,6
pid,6
enablex,6
madera,6
subarticular,6
roughen,6
nicu,6
cloth,6
nonconvulsive,6
cytologic,6
glasgow,6
enroute,6
nonpreserved,6
unsafe,6
tubings,6
ocd,6
dependents,6
reinforcing,6
phs,6
unintentional,6
smelly,6
sanctura,6
tacoma,6
myeloproliferative,6
telepathy,6
mailed,6
posttransplant,6
proactive,6
prison,6
infirmary,6
streaks,6
hyperthyroid,6
thinners,6
contraindicated,6
roxanol,6
southwest,6
bellaire,6
abdominally,6
artane,6
dorsiflex,6
upgoing,6
rolandic,6
outbursts,6
preload,6
hyperinflated,6
everybody,6
flaxseed,6
supposedly,6
selenium,6
club,6
cuing,6
cholestasis,6
pam,6
unresponsiveness,6
gallium,6
photosensitivity,6
antiplatelet,6
audiogram,6
meniere,6
slough,6
exceeding,6
polypharmacy,6
kilo,6
assessing,6
antinuclear,6
psoriatic,6
glad,6
incorporation,6
biosyn,6
incarceration,6
fasteners,6
mania,6
predischarge,6
compound,6
periauricular,6
casting,6
moulded,6
swimmer,6
bills,6
esophagectomy,6
lobules,6
unloading,6
mtp,6
conform,6
periarticular,6
cornerstone,6
southern,6
asnis,6
traveled,6
supporting,6
trache,6
select,6
compare,6
nuclei,6
micardis,6
reticulocyte,6
blockage,6
foamy,6
screaming,6
postictal,6
phenytoin,6
junior,6
nitrite,6
intestines,6
incoherence,6
disrupted,6
vertefill,6
tricalcium,6
discectomies,6
bellies,6
bulged,6
infrarenal,6
retching,6
extraorally,6
leiden,6
coded,6
applicable,6
processed,6
putty,6
chronos,6
wells,6
bruxism,6
kissing,6
weightbear,6
interference,6
parasymphysis,6
wedging,6
hairbearing,6
tragal,6
colpotomy,6
assaultive,6
oligoarticular,6
heinecke,6
delusional,6
koh,6
branched,6
stats,6
struggling,6
adiposity,6
intentional,6
nicorette,6
tekturna,6
anomalies,6
frazier,6
proxy,6
powered,6
fimbria,6
introducing,6
intermenstrual,6
osteotomized,6
documenting,6
eburnated,6
crosslink,6
pseudoaneurysm,6
downloading,6
denuded,6
gliotic,6
gravid,6
intolerances,6
transformation,6
myositis,6
alopecia,6
recovers,6
appliances,6
extraarticular,6
displace,6
inconsistent,6
shuck,6
shingles,6
reclining,6
supranuclear,6
subclinical,6
zigzag,6
anaprox,6
hemivulvectomy,6
fasttract,6
pusher,6
awakenings,6
tossing,6
disarray,6
challenging,6
supersharp,6
lamellar,6
ignores,6
whines,6
chickenpox,6
lotrimin,6
dopplers,6
homosexual,6
fighting,6
orthostatics,6
pneumocystis,6
east,6
hypochromia,6
sarcoid,6
ccp,6
acknowledged,6
aortography,6
lunate,6
paucity,6
escherichia,6
avid,6
cores,6
psas,6
enterocutaneous,6
fire,6
extrarenal,6
fdg,6
cryoglobulins,6
trabeculation,6
semantic,6
obscuring,6
squeezing,6
ladder,6
postabsorptive,6
strategies,6
watches,6
cerebellopontine,6
milliamperes,6
acusticus,6
exudative,6
butterfly,6
saving,6
itp,6
survey,6
noncontrasted,6
widespread,6
annually,6
preventive,6
thrombocythemia,6
emulsified,6
trilogy,6
articulate,6
unique,6
vector,6
injector,6
alcon,6
venom,6
spondylitic,6
surgiflo,6
malleted,6
mystique,6
undercutting,6
cloward,6
spacing,6
quadriplegic,6
barometric,6
interossei,6
print,6
cellules,6
nitrous,6
daptomycin,6
tricompartmental,6
prolong,6
batches,6
keyhole,6
disheveled,6
cupful,6
noncalcified,6
donated,6
antidepressant,6
defiant,6
infiltrative,6
synvisc,6
rocking,6
essence,6
reapproximating,6
sacro,6
visibility,6
cardiolipin,6
lean,6
subtentorial,6
infratentorial,6
fiducial,6
nominal,6
lumbo,6
pharmacological,6
thawing,6
restrictor,6
nyha,6
toronto,6
wasp,6
fatal,6
clarify,6
confidence,6
archilles,6
midbrain,6
trophic,6
hydrea,6
terminus,6
pterion,6
florinef,6
colors,6
pvd,6
broaching,6
lateralis,6
awareness,6
facing,6
sucked,6
phototherapy,6
asthmatic,6
platysmus,6
seeding,6
wedges,6
gonorrhoeae,6
hemithyroidectomy,6
stamm,6
washout,6
timeout,6
beautifully,6
tennessee,6
grand,6
investigational,6
cosopt,6
hegar,6
coblation,6
mat,6
zephyr,6
grey,6
jewelry,6
invega,6
loudly,6
curl,6
subphrenic,6
tuberculation,6
fixing,6
neuropsychiatric,6
valleculae,6
cholangiocatheter,6
moreover,6
hemilaminotomy,6
woodson,6
transanal,6
noncardiac,6
tympanomeatal,6
anaphylaxis,6
restorator,6
leisure,6
puffy,6
nicking,6
happens,6
hickman,6
generative,6
aired,6
electromechanical,6
sullivan,6
synched,6
premalignant,6
myoclonus,6
transpulmonary,6
caliectasis,6
multiplane,6
planimetry,6
perceptual,6
intelligible,6
thermachoice,6
bpx,6
parous,6
precursor,6
ptu,6
rational,6
humi,6
hanks,6
glomerular,6
coils,6
essure,6
epididymectomy,6
grains,6
mylicon,6
doxepin,6
bassini,6
conjoined,6
communicative,6
jumbo,6
albuquerque,6
neurophysiologic,6
laminotomies,6
facetectomies,6
corticated,6
suppositories,6
volvulus,6
premounted,6
hyperresonance,6
bulla,6
progresses,6
adl,6
paraesthesia,6
apr,6
coronaries,6
sclerotherapy,6
peritenon,6
allergist,6
snugness,6
electrophysiological,6
circumduction,6
sumping,6
excellently,6
graduate,6
provoking,6
miostat,6
hypoxemic,6
yogurt,6
rpm,6
sinskey,6
interfragmentary,6
unintelligible,6
acular,6
fisher,6
situs,6
morphologic,6
prolactin,6
farlow,6
doubts,6
rushed,6
bicortical,6
ossatron,6
occurrence,6
epididymitis,6
hypersensitivity,6
antihistamine,6
fibrocalcific,6
heterogeneously,6
hypothermia,6
gestures,6
suppression,6
propria,6
junk,6
dingman,6
drooling,6
bayonet,6
mucoperiosteum,6
sacrocolpopexy,6
reducible,6
reticularis,6
pentax,6
bruisability,6
endocrinologic,6
fleet,6
hla,6
camper,6
radiocapitellar,6
thursdays,6
bka,6
fluoridated,6
undraped,6
eccentrically,6
streak,6
relaxing,6
cottonwood,6
cleanse,6
rigor,6
favored,6
accupril,6
neuroradiologic,6
sixteenth,6
malposition,6
vehicles,6
anniversary,6
angiolymphatic,6
microsatellite,6
aldosterone,6
vldl,6
departure,6
youngswick,6
tub,6
premedicated,6
meclizine,6
breakaway,6
ink,6
cineangiogram,6
readvanced,6
frameless,6
lacerated,6
tenormin,6
tmj,6
podiatrist,6
organizing,5
miserable,5
responsibility,5
prolenes,5
booklet,5
topic,5
profoundly,5
rhinoscopy,5
exhalation,5
network,5
effaces,5
perivertebral,5
temporomandibular,5
crescents,5
hometown,5
sizers,5
influence,5
conditioning,5
authorizing,5
fundoscopic,5
clipping,5
subtraction,5
doll,5
dynamics,5
reassessed,5
glucometer,5
listing,5
colds,5
bronchopneumonia,5
stock,5
redundancy,5
hyporeflexia,5
prerenal,5
afib,5
apb,5
tighten,5
hyperextend,5
overlaid,5
scare,5
bachelor,5
woken,5
coincidentally,5
conversant,5
scared,5
seroma,5
sponsor,5
painted,5
sadness,5
discouraged,5
wonder,5
troubles,5
condom,5
fight,5
majora,5
demands,5
dystrophic,5
hematologist,5
trainer,5
extrahepatic,5
followups,5
bulges,5
diskus,5
swim,5
readjusted,5
undilated,5
keratoses,5
rectangular,5
terminates,5
greenish,5
soda,5
performs,5
bunch,5
subserosal,5
spirits,5
provoked,5
periwound,5
inevitable,5
intraperitoneally,5
paddies,5
story,5
mentioning,5
reeducation,5
traverse,5
fail,5
fingernails,5
freedom,5
keratoma,5
vacuuming,5
leveled,5
shake,5
purchasing,5
streptococcal,5
recumbent,5
hemaseel,5
anomaly,5
constricting,5
ratios,5
dysphoric,5
burred,5
downbiting,5
poisoned,5
rhizotomy,5
extraneous,5
skribe,5
boney,5
dorsiflexors,5
hespan,5
rules,5
mmpi,5
tended,5
dilemma,5
expandable,5
letting,5
procedural,5
vulgaris,5
cushion,5
grafted,5
cruces,5
ambivalent,5
mate,5
avalide,5
epicondyles,5
tangentiality,5
ceftazidime,5
farmer,5
bruitts,5
showers,5
histories,5
shuffling,5
pose,5
reticular,5
thromboplastin,5
leukemoid,5
modifier,5
settled,5
nbs,5
carbonated,5
gynecologist,5
computed,5
recontoured,5
flowed,5
requisition,5
barr,5
diphenhydramine,5
mine,5
diuresed,5
mercury,5
ima,5
finochietto,5
impressed,5
stepdaughter,5
unaccompanied,5
faintly,5
coaxial,5
validity,5
feces,5
boxes,5
osteophytosis,5
aerosol,5
septation,5
serosanguinous,5
underwater,5
expresses,5
reminds,5
atacand,5
catastrophic,5
tampon,5
contractile,5
pannus,5
funds,5
display,5
worries,5
hounsfield,5
selection,5
maker,5
corresponds,5
pms,5
arises,5
hemisensory,5
dou,5
presyncopal,5
enjoying,5
velcro,5
drives,5
kerrisons,5
plantarflex,5
ventolin,5
exited,5
guilty,5
cinched,5
molested,5
darker,5
versions,5
healthier,5
ventilating,5
isthmusectomy,5
convince,5
achiness,5
morcellated,5
pedestrian,5
precipitated,5
subjected,5
obliterating,5
hassan,5
uteropelvic,5
macrophages,5
ventrally,5
rugae,5
healthsouth,5
hyperinflation,5
maxzide,5
decompressing,5
lumbodorsal,5
informing,5
milieu,5
confines,5
license,5
resigned,5
imbricated,5
warnings,5
tuning,5
pyorrhea,5
molars,5
delays,5
gilbert,5
scoliotic,5
appliance,5
dimple,5
dips,5
convulsive,5
aortobifemoral,5
diaries,5
wobbly,5
kitchen,5
advantage,5
orthotropia,5
paragraph,5
vater,5
senokot,5
arching,5
mottled,5
bacteriostatic,5
pilot,5
myocutaneous,5
thermal,5
anthracosis,5
rehydration,5
uroxatral,5
lightweight,5
cabinet,5
acts,5
clarity,5
pericarditis,5
phobias,5
circumstraint,5
equalizing,5
refractured,5
hymeneal,5
feature,5
gym,5
victoria,5
fragile,5
encapsulated,5
pericardiocentesis,5
compensated,5
cmh,5
intellect,5
unwarranted,5
remembered,5
gender,5
completeness,5
interviewed,5
lessened,5
physicist,5
uneven,5
canthi,5
radiologically,5
excitement,5
format,5
environments,5
unrelenting,5
arousals,5
reflexion,5
traffic,5
routines,5
infusions,5
ferning,5
sacaton,5
bottles,5
favor,5
plexuses,5
nad,5
replete,5
abgs,5
gelatinous,5
reconstitution,5
urogram,5
fussiness,5
hemostatically,5
predicting,5
stirrups,5
nearby,5
airflow,5
battle,5
automated,5
neg,5
veteran,5
cna,5
similarity,5
suicidality,5
dreams,5
flooded,5
lifts,5
healthcare,5
crawled,5
ebv,5
plegic,5
myelitis,5
yielded,5
pmns,5
decorticating,5
razor,5
decades,5
specify,5
guilt,5
susceptible,5
warn,5
incidence,5
zig,5
zag,5
lists,5
ribbon,5
conduct,5
bordered,5
drying,5
expectation,5
canceled,5
compressing,5
gingiva,5
similarities,5
crypt,5
exits,5
consolidated,5
wired,5
coast,5
swims,5
inciting,5
quadrangular,5
magerl,5
precontoured,5
supports,5
revaluation,5
billable,5
lymphocytosis,5
impede,5
opportunistic,5
khan,5
autoimmune,5
byetta,5
cared,5
infancy,5
psychiatrically,5
postponed,5
cortef,5
ddavp,5
mallampati,5
programmable,5
cautious,5
emt,5
shins,5
sats,5
steroidal,5
camino,5
protrude,5
aberrant,5
reperfusion,5
falciform,5
cbd,5
ashd,5
chiasm,5
secondly,5
iliohypogastric,5
isointense,5
senilis,5
abundantly,5
supratarsal,5
wednesdays,5
skiing,5
watershed,5
vestibules,5
align,5
precancerous,5
serevent,5
transfixing,5
jerked,5
laxative,5
deprived,5
sequencing,5
vacuumed,5
ssris,5
barbiturates,5
proverbs,5
protectors,5
prox,5
desiring,5
solutions,5
hyzaar,5
cvas,5
discloses,5
population,5
anticipating,5
hiccups,5
glove,5
endorsed,5
paraplegic,5
reoccurring,5
minimized,5
jell,5
egress,5
esophagoscopy,5
paralleling,5
cardboard,5
grow,5
littler,5
caught,5
overly,5
squeeze,5
postpone,5
ambivalence,5
settling,5
kneel,5
fires,5
pak,5
merely,5
lacks,5
vasoconstricted,5
straps,5
rewarming,5
inotropic,5
pencil,5
deairing,5
regaining,5
infundibular,5
weighting,5
bcnu,5
expressions,5
seeks,5
homogenous,5
substantially,5
orthostasis,5
rhythmic,5
dexterity,5
opioids,5
deepest,5
brownish,5
caseous,5
squatting,5
michigan,5
perla,5
advancing,5
recalls,5
books,5
periscapular,5
comp,5
somatosensory,5
reestablish,5
diminishment,5
centigrade,5
diverting,5
stack,5
creatine,5
handouts,5
scd,5
residing,5
hyperdense,5
fainting,5
sterilized,5
contributes,5
etiologies,5
mix,5
lengthen,5
teds,5
ani,5
ssa,5
ssb,5
neurosurgeon,5
strictly,5
smoothen,5
pinch,5
bartholin,5
kinds,5
thalidomide,5
empties,5
gapping,5
retzius,5
defatted,5
permacath,5
carb,5
distractibility,5
recuperate,5
lutein,5
consents,5
rigidly,5
troublesome,5
phlebolith,5
purchased,5
syringes,5
granulomata,5
floors,5
noises,5
washington,5
weird,5
oppositional,5
martin,5
winded,5
avodart,5
fef,5
platinum,5
restoring,5
immigration,5
orthowedge,5
garage,5
isthmic,5
educator,5
comply,5
slender,5
tamped,5
bumped,5
strengths,5
totaled,5
moles,5
coupled,5
photographic,5
tricyclic,5
ova,5
myelodysplastic,5
endobag,5
smallest,5
calyceal,5
asd,5
coordinator,5
immobilize,5
visuospatial,5
exclusively,5
recalcitrant,5
pedicular,5
migrate,5
randomly,5
mismatch,5
john,5
visited,5
struggle,5
orthotopic,5
cardiomediastinal,5
wheeler,5
forgetful,5
odd,5
pearlescent,5
gelpi,5
postsurgically,5
victim,5
radiography,5
grab,4
qpm,4
midlevel,4
retropharyngeal,4
bronchiectasis,4
dislodge,4
charged,4
crowns,4
pulpotomy,4
bezoar,4
hydro,4
acth,4
indicators,4
undesired,4
glossoepiglottic,4
obliterates,4
coefficient,4
pexed,4
typed,4
asacol,4
ream,4
rocaltrol,4
emptied,4
rigidus,4
glycemic,4
poking,4
unreliable,4
microcatheter,4
hypoechoic,4
parasternal,4
airspace,4
enlisted,4
tremoring,4
shrugs,4
notching,4
widest,4
ulnotrochlear,4
ambu,4
bronchioles,4
artifical,4
abstract,4
discipline,4
psychologic,4
polychondritis,4
infants,4
tools,4
goldenberg,4
availability,4
juxtarenal,4
schantz,4
preparations,4
milder,4
posterocentral,4
bruise,4
flair,4
dream,4
shone,4
excedrin,4
homogenously,4
unembalmed,4
clinton,4
geta,4
tongues,4
perceivable,4
interpersonal,4
machinist,4
illustrated,4
osmolality,4
inter,4
urethroplasty,4
blink,4
upside,4
multiplanar,4
byers,4
toddler,4
intrapleural,4
cardiectomy,4
rec,4
paraesthesias,4
epoetin,4
estate,4
disfigurement,4
mycoplasma,4
admixed,4
tessio,4
legionella,4
neomeatus,4
sequences,4
retrograded,4
bunionette,4
lukens,4
obstruct,4
propensity,4
teasing,4
midscapular,4
smv,4
nocardia,4
aspergillus,4
protime,4
evergreen,4
kink,4
imperative,4
assymetry,4
insult,4
hemofiltration,4
synechiae,4
interfaced,4
ultracet,4
tibials,4
goel,4
surgilon,4
acromegaly,4
anserinus,4
anserine,4
sextant,4
sizable,4
peon,4
recreate,4
crossclamped,4
fort,4
conduits,4
precedex,4
surfacing,4
cryopreservation,4
ovulation,4
intralaminar,4
hemifield,4
mumps,4
cervicogenic,4
convenience,4
piercing,4
bicap,4
antiemetics,4
prestige,4
signifying,4
brca,4
cubes,4
elidel,4
radenoid,4
hung,4
cheesy,4
swellings,4
devastating,4
intraorbital,4
ciliary,4
crater,4
psis,4
syncytial,4
externa,4
remodeled,4
plated,4
parked,4
eds,4
waists,4
abciximab,4
cortices,4
awful,4
lcsw,4
disorganization,4
fellow,4
absorptive,4
neurapraxia,4
ochsners,4
operates,4
sandbag,4
analgesic,4
retain,4
memories,4
timolol,4
memorize,4
greeted,4
maxillomandible,4
curettaged,4
undercuts,4
hematosis,4
cerebromaxillary,4
conization,4
procidentia,4
handwriting,4
preoccupied,4
prosecution,4
prolactinemia,4
phoned,4
dyssynergia,4
buttress,4
backwash,4
supinated,4
tamp,4
clinics,4
postal,4
ludwig,4
odontalgia,4
orthosorb,4
staggering,4
inferoposterior,4
williams,4
transducer,4
intersection,4
dysdiadochokinesia,4
catching,4
betahistine,4
arterioplasty,4
infusing,4
aire,4
annuloplasty,4
cosgrove,4
galloway,4
masterson,4
lactate,4
poked,4
zolpidem,4
dysmotility,4
irc,4
translaminar,4
confusing,4
halmagyi,4
bradykinesia,4
ctr,4
geodon,4
erections,4
dysfunctional,4
otoscopy,4
frenzel,4
vestibulocular,4
cholestyramine,4
nonedematous,4
chamfers,4
dupre,4
constrained,4
spigot,4
philippines,4
cavagram,4
periodontal,4
steadily,4
carrell,4
thanks,4
reuse,4
ash,4
gaps,4
unaffected,4
retic,4
recut,4
prepatellar,4
histopathologic,4
bovied,4
desuspended,4
alexander,4
recognizes,4
cbi,4
rewarding,4
blankets,4
consecutive,4
crystal,4
diego,4
discontinuous,4
unifocalization,4
homograft,4
treaded,4
elaborate,4
oromaxillary,4
quant,4
metzenbaums,4
encompass,4
coiled,4
pericardectomy,4
cephalically,4
syrinx,4
fundoscopy,4
gpl,4
diastole,4
cosyntropin,4
pulmonology,4
cola,4
gardens,4
cephalosporins,4
fertile,4
discogenic,4
unload,4
willis,4
anteroflexed,4
autonomic,4
retropulsion,4
centric,4
repletion,4
maine,4
relafen,4
akinesis,4
achievement,4
granddaughter,4
ceftin,4
hay,4
recurring,4
voids,4
minivan,4
feverish,4
gastroenterologists,4
isotonic,4
dislocating,4
rapamune,4
paramedic,4
thoracoscopic,4
finasteride,4
pipeline,4
impediment,4
dynamite,4
downsloping,4
hagl,4
sublabral,4
cron,4
falsely,4
reddening,4
femorals,4
unconjugated,4
leader,4
endoclip,4
peritonized,4
palatine,4
perm,4
masticatory,4
models,4
ilium,4
thomas,4
gastrocutaneous,4
lembert,4
dre,4
ranch,4
cbg,4
urinates,4
pooping,4
redeveloped,4
argyle,4
ansa,4
cervicalis,4
flapping,4
moments,4
torturous,4
heifitz,4
bonnani,4
cmc,4
subtrochanteric,4
keratoplasty,4
aphakia,4
trephine,4
scrubbing,4
gritty,4
meanwhile,4
gregory,4
pog,4
rectally,4
ventilate,4
jamar,4
floaters,4
momentary,4
chopart,4
corporotomy,4
osteochondritis,4
dissecans,4
purdy,4
correctional,4
gig,4
deactivated,4
washboard,4
basil,4
averaging,4
salad,4
perfix,4
marlex,4
parkinsonism,4
bullet,4
plantation,4
detrusor,4
fontanelles,4
clunk,4
myc,4
nevanac,4
interfered,4
milliliters,4
strangulate,4
flustered,4
ebm,4
occipitofrontal,4
lusty,4
vented,4
amplified,4
peeing,4
urodynamics,4
patholigamentous,4
bimanually,4
dexacidin,4
cephalosporin,4
mango,4
relieves,4
dancing,4
anchorage,4
cloquet,4
jps,4
wks,4
cam,4
orthotics,4
unclamped,4
bears,4
subcondylar,4
tags,4
vernix,4
timed,4
customary,4
myotonic,4
euphoria,4
microcytic,4
hopeless,4
striations,4
pacific,4
ballard,4
brochure,4
intratesticular,4
pits,4
tourniquets,4
tarsi,4
jump,4
laden,4
cryostat,4
lumens,4
thoracis,4
trunnion,4
maalox,4
interiorly,4
duoneb,4
vocabulary,4
situational,4
malocclusion,4
electrodessication,4
tenuous,4
interdental,4
elastics,4
coursing,4
keloid,4
reconstituted,4
footed,4
lace,4
roadmapping,4
multinodular,4
arborized,4
grammar,4
innocent,4
mobilizer,4
transglutaminase,4
primus,4
shifting,4
rasped,4
simples,4
metoclopramide,4
ultrasonographic,4
sum,4
electrofulguration,4
bugbee,4
ben,4
recesses,4
scapulae,4
minimus,4
corkscrew,4
methergine,4
perichondrium,4
definable,4
chevron,4
medicaid,4
reanesthetized,4
otolaryngologist,4
nonocclusive,4
ultima,4
centralizer,4
smartset,4
slope,4
pulm,4
nonlethargic,4
grooving,4
lunatotriquetral,4
ecu,4
flimsy,4
circumstantiality,4
inferoseptal,4
efficacious,4
satellite,4
postdilated,4
alveolopalatal,4
robert,4
gauged,4
cannabis,4
rum,4
snorting,4
esomeprazole,4
kindred,4
iop,4
guttata,4
tong,4
palacos,4
parapneumonic,4
perivalvular,4
plasties,4
fulgurate,4
hub,4
uncorrected,4
pis,4
uveitis,4
hourly,4
installation,4
plano,4
periocular,4
dev,4
disinfected,4
trilobar,4
trimming,4
levitra,4
elaborated,4
scintigraphic,4
colotomy,4
undoubtedly,4
dominantly,4
unaided,4
israel,4
plendil,4
reimplantation,4
stickler,4
birthweight,4
precluded,4
national,4
diabetics,4
election,4
inkwell,4
predilatation,4
debridements,4
acumed,4
endotracheally,4
spotty,4
bay,4
polys,4
presumptively,4
arthrectomy,4
hypokinetic,4
alcoholics,4
hypoglycemics,4
pelican,4
seroconversion,4
rna,4
disclosure,4
thou,4
ggt,4
reimplanting,4
glycol,4
carlos,4
acyanotic,4
eastern,4
adjunctive,4
ascitic,4
fountain,4
ankyloglossia,4
sunscreen,4
tenodesis,4
tlif,4
afos,4
stepwise,4
eruption,4
land,4
averages,4
intoxification,4
wedding,4
cheerleading,4
decibel,4
pinkish,4
clarinex,4
clarinet,4
fovea,4
hysteroscopic,4
reimplanted,4
chemoradiation,4
clearpath,4
employing,4
xtra,4
preliminarily,4
devlin,4
kelman,4
mustache,4
residue,4
hinged,4
qrs,4
hallucination,4
buckling,4
cherry,4
paraphasias,4
cyclogyl,4
itchiness,4
insulation,4
blotchy,4
papular,4
fade,4
resemble,4
fresno,4
apprehensive,4
thyroxine,4
hyperventilate,4
pfo,4
glare,4
mizel,4
explains,4
chylothorax,4
lymphangiectasia,4
chylothoraces,4
statements,4
dusky,4
diverted,4
aortotomy,4
myelosuppression,4
degloving,4
jaws,4
pitched,4
calyces,4
dazed,4
softening,4
groggy,4
civi,4
dtic,4
restricting,4
seasonale,4
optically,4
pleurisy,4
prometrium,4
toxicities,4
replied,4
explanted,4
explantation,4
breckenridge,4
rsr,4
nondiscrete,4
myelocyte,4
blasts,4
arrive,4
recuperation,4
sacrificing,4
faucet,4
wernicke,4
lae,4
thoughout,4
mvi,4
eradicate,4
mount,4
endocrinopathy,4
tijuana,4
hoover,4
broker,4
cauterizing,4
noise,4
neuronal,4
fesat,4
feso,4
antisocial,4
vasculopathic,4
trigonal,4
pcn,4
ticlid,4
juxtaductal,4
dimpled,4
signature,4
azathioprine,4
prolapsing,4
tyshak,4
quiz,4
removable,4
mmr,4
authorized,4
quotient,4
teething,4
hib,4
elongation,4
suppressive,4
desaturated,4
predilated,4
nonrebreather,4
icn,4
anxiolytic,4
pessary,4
maneuvering,4
glucagon,4
fingertip,4
bursas,4
telangiectasia,4
proctosigmoiditis,4
asplenia,4
dextrocardia,4
probiotic,4
abstain,4
malposed,4
panoramic,4
midepigastric,4
residuals,4
attain,4
reloaded,4
footing,4
empirical,4
luxate,4
deductive,4
radicals,4
postradiation,4
translucent,4
adults,4
laborer,4
infra,4
isolating,4
hagar,4
enclosing,4
loosen,4
shelter,4
cystoscopies,4
shadowing,4
echodensity,4
involuntarily,4
lymphoblasts,4
aspires,4
unfractionated,4
sheryl,4
bullosa,4
complicating,4
matters,4
peristalsis,4
commissural,4
tis,4
intraatrial,4
jets,4
nonmobile,4
professionals,4
homeless,4
nephrosclerosis,4
grocery,4
tailbone,4
brat,4
ramp,4
amputate,4
newspaper,4
promote,4
mazes,4
trait,4
nubain,4
nidus,4
holed,4
cystotomy,4
sticks,4
hemorrhoidectomy,4
preflushed,4
bivalarudin,4
condylectomy,4
smoothened,4
uninhibited,4
angioseal,4
disengaged,4
stapedectomy,4
deployment,4
recreating,4
newspapers,4
erlanger,4
hollow,4
phentermine,4
jagged,4
tummy,4
locomotor,4
tds,4
singing,4
antiembolic,4
bisect,4
reducer,4
expelled,4
videostroboscopy,4
toast,4
incurred,4
casually,4
rope,4
postures,4
ideomotor,4
majoring,4
curable,4
mullerian,4
adapter,4
endoclips,4
polo,4
doherty,4
persons,4
drastic,4
helplessness,4
distressed,4
massively,4
alter,4
leftover,4
broaches,4
hydrocarbon,4
antiemetic,4
arizona,4
reusable,4
subsides,4
railing,4
berg,4
repetitions,4
pubocervical,4
grabbing,4
domain,4
uncemented,4
doesn,4
winkel,4
sidearm,4
ptotic,4
vvi,4
noncomplicated,4
trochlea,4
femorotibial,4
cystoprostatectomy,4
silverberg,4
glimepiride,4
mmm,4
disinhibited,4
vietnam,4
war,4
defecation,4
subungual,4
athletic,4
damp,4
collapsing,4
bathing,4
cca,4
stromal,4
vesicoureteral,4
adenosarcoma,4
malt,4
rotations,4
asplund,4
haziness,4
bossing,4
syndromic,4
mycotic,4
overwhelming,4
preprinted,4
woods,4
arteriographic,4
rudimentary,4
communications,4
bicep,4
greenstick,4
burring,4
sprinter,4
frykman,4
calendar,4
trifurcation,4
thc,4
systemically,4
branchial,4
chrome,4
collared,4
voluntarily,4
inadvertent,4
superstructure,4
iliitis,4
thoraco,4
fibromyositis,4
sublux,4
mcgill,4
cementation,4
academy,4
stresses,4
rewards,4
homework,4
build,4
centering,4
message,4
cft,4
atop,4
rhomboid,4
driveway,4
tachyarrhythmia,4
treves,4
boundary,4
cryo,4
hydrodissect,4
soiled,4
underwear,4
infrapatellar,4
medialize,4
homatropine,4
plains,4
orient,4
cobra,4
quartering,4
polish,4
inferonasal,4
carved,4
regime,4
isaac,4
craniotomies,4
transillumination,4
restasis,4
pegs,4
brawny,4
trialing,4
notched,4
psyche,4
recessed,4
bought,4
reschedule,4
enroll,4
workplace,4
bisected,4
evert,4
asca,4
stave,4
straddling,4
gynecologic,4
cin,4
yaz,4
vaginosis,4
gila,4
ompc,4
rnp,4
eosinophil,4
theo,4
holocranial,4
nonsedated,4
reminding,4
antiphospholipid,4
ileo,4
colonies,4
amikacin,4
haiti,4
carinii,4
anybody,4
yrs,4
tte,4
transurethrally,4
carcinoid,4
precaval,4
cystolithotripsy,4
ptsd,4
catatonia,4
caretaker,4
redirection,4
manipulative,4
tampons,4
lactaid,4
contacting,4
stemming,4
dishes,4
caco,4
hypophonic,4
benefiting,4
cork,4
domes,4
administrated,4
carbondioxide,4
stuffiness,4
thighthis,4
skinning,4
diffusing,4
money,4
isolates,4
mcglamry,4
micronail,4
osteosynthesis,4
nigricans,4
shapes,4
vocalization,4
subsheath,4
moore,4
uncooperative,4
abusing,4
substitute,4
undetectable,4
muller,4
abortions,4
perseverative,4
legacy,4
pronated,4
epl,4
librarian,4
waxes,4
wanes,4
paraaortic,4
arriving,4
wrecked,4
sorbitol,4
splashed,4
effected,4
blanking,4
decidual,4
tardive,4
supracervical,4
morcellator,4
adhesed,4
bronze,4
miacalcin,4
didn,4
lyse,4
debility,4
diminishing,4
uninvolved,4
spill,4
systole,4
interlaminar,4
leucovorin,4
malabsorption,4
turkey,4
viability,4
planus,4
hns,4
reanastomosed,4
believing,4
sidewalls,4
surviving,4
preoxygenated,4
anuria,4
bronchodilators,4
quinine,4
oven,4
friendly,4
radium,4
acetazolamide,4
wonderful,4
shellfish,4
kitners,4
fetoprotein,4
preclude,4
game,4
capability,4
immunological,4
endometritis,4
grieving,4
infarcted,4
angioplasties,4
postdelivery,4
wrinkled,4
fosphenytoin,4
weaker,4
canker,4
easton,4
rst,4
dentistry,4
characterize,4
proprioceptive,4
midodrine,4
closest,4
myelofibrosis,4
lieberman,4
trapezoidal,4
descemet,4
functioned,4
parathyroidectomy,4
dmard,4
complainer,4
femoropopliteal,4
sgia,4
ileocolonic,4
psychopathology,4
skelaxin,4
weightlifting,4
girls,4
rowland,4
paf,4
rituximab,4
choledochoscope,4
cooperate,4
subdiaphragmatic,4
disturb,4
progesterone,4
kocherized,4
adrenocot,4
houses,4
vincristine,4
guardian,4
hydroxyurea,4
lenalidomide,4
disappeared,4
tingeing,4
excoriations,4
acanthosis,4
brighter,4
cupping,4
bivalved,4
rhythms,4
polymorphic,4
clavulanate,4
stride,4
deciding,4
stuporous,4
hypointense,4
mules,4
scales,4
deer,4
exogenous,4
simethicone,4
melasma,4
silicon,4
prepectoral,4
conservation,4
cmf,4
clavipectoral,4
frosting,4
ohio,4
undisplaced,4
feeler,4
wilmer,4
dimming,4
modesto,4
serves,4
persisting,4
flopping,4
arborization,4
stumbling,4
eegs,4
farm,4
postictally,4
laughter,4
stove,4
hyperpyrexia,4
gene,4
rewiring,4
cardiogenic,4
urethrotomy,4
storz,4
apportionment,4
meaningful,4
ethambutol,4
clarithromycin,4
glomerulonephritis,4
atorvastatin,4
supraperiosteal,4
chlorthalidone,4
refulgurated,4
conversations,4
reactivated,4
surprising,4
froi,4
waste,4
amplatzer,4
vacterl,4
extracardiac,4
candidacy,4
lax,4
sanguineous,4
unmanageable,4
sluggishly,4
sideways,4
scanty,4
subdeltoid,4
torquing,4
hypomastia,4
transaxillary,4
fhl,4
smells,4
cellular,4
fitz,4
hugh,4
curtis,4
nasoorbital,4
unlike,4
curettages,4
polio,4
pentagons,4
paratonia,4
correlating,4
lovaza,4
planum,4
encasement,4
enhances,4
grenade,4
relax,4
atony,4
cytotec,4
undergarment,4
nadir,4
tartrate,4
shepard,4
pud,4
anosmic,4
schools,4
uncal,4
pellucidum,4
bisacodyl,4
prevalent,4
subtract,4
gynecomastia,4
impotency,4
vite,4
shade,4
dysrhythmia,4
cysteine,4
urging,4
amp,4
avandamet,4
percussed,4
mba,4
ossicular,4
amo,4
aided,4
nim,4
myringosclerosis,4
gastro,4
porp,4
capitulum,4
atrophied,4
acetyl,4
gouge,4
hypersomnia,4
rows,4
naps,4
spectacles,4
koch,4
ruq,4
hepatis,4
sartorius,4
valvotomy,4
intracoronary,4
superolaterally,4
thoracodorsal,4
supramaxillary,4
jansen,4
middleton,4
ics,4
hospitals,4
impendence,4
burped,4
unavailable,4
hypotony,4
needlestick,4
resuscitate,4
eggs,4
blowout,4
fractional,4
kevorkian,4
otoscope,4
intranasally,4
recontour,4
refreezing,4
stevens,4
tremulous,4
circumstantial,4
pollices,4
glossal,4
advises,4
resisted,4
copaxone,4
watertightness,4
eyesight,4
butt,4
electrocoagulated,4
miochol,4
technology,4
prm,4
enterobacter,4
accessing,4
identifies,4
administrator,4
spindles,4
argument,4
etoposide,4
trends,4
cefuroxime,4
stylettes,4
dysphasia,4
regrowth,4
registration,4
paramyotonia,4
neuroforamining,4
penetrated,4
medronic,4
tentorial,4
meningiomas,4
conclusive,4
unrevealing,4
computers,4
johns,4
agnosia,4
dysnomia,4
euthyroid,4
cecostomy,4
transcutaneous,4
enrollment,4
altrua,4
challenged,4
evolved,4
suggestions,4
mazatlan,4
louie,4
sedate,4
confronted,4
cephalgia,4
glucovance,4
upstate,4
predominately,4
encrustation,4
jerky,4
russell,4
diamox,4
achalasia,4
centrifugal,4
marsupialized,4
trapezial,4
mgf,4
printing,4
priest,4
pas,4
clerical,4
physique,4
punctal,4
crosswise,4
semicircular,4
relocating,4
mesangium,4
filtration,4
interstitium,4
yellowing,4
schwannoma,4
monoka,4
apraxic,4
septra,4
synchronous,4
tire,4
tazorac,4
hypernatremia,4
trend,4
hemolytic,4
puckered,4
bronchioloalveolar,4
inked,4
abutting,4
countershock,4
mynx,4
akinetic,4
dysynergia,4
tft,4
oxacillin,4
steering,4
spinning,4
asian,4
preinjection,4
postinjection,4
ergonomic,4
janet,4
lacerating,4
softeners,4
teaches,4
everting,4
sexuality,4
dynasplint,4
varicella,4
ventriculoatrial,4
accumulating,4
subtemporal,4
hakim,4
manifestations,4
ldr,4
sweaty,4
nitrogen,4
ckmb,4
catherization,4
subpleural,4
mashed,4
ttf,4
albeit,4
varix,4
sertraline,4
immunodeficiency,4
socioeconomic,4
ras,4
regardless,4
exerted,4
sidewalk,4
primidone,4
assumes,4
restraint,4
mogen,4
sunburn,4
rumi,4
portio,4
manipulations,4
froze,4
trizivir,4
borne,4
pathogen,4
darkening,4
cutivate,4
duraphen,4
reassurance,4
isomil,4
eisenbaum,4
sims,4
atripla,4
cyclobenzaprine,4
wonders,4
bregma,4
ocuvite,4
suprarenal,4
blurriness,4
headed,4
gracilis,4
customer,4
impairing,4
stacks,4
fixating,4
fornices,4
daniel,4
breakout,4
nizoral,4
profession,4
rotary,4
uvulopalatopharyngoplasty,4
inclusion,4
zymar,4
corneoscleral,4
slid,4
outfracture,4
fluffy,4
sigmoidoscope,4
rubin,4
hew,4
torr,4
prebent,4
isoechoic,4
acticoat,4
survived,4
atypia,4
candida,4
mononuclear,4
responsiveness,4
termed,4
eca,4
qualitative,4
bpp,4
extrastimuli,4
predict,4
pierced,4
labetolol,4
ovoid,4
potty,4
ragweed,4
distributed,4
councill,4
critically,4
cavernosaphenous,4
cavernosum,4
neuroradiology,4
escharotomy,4
violent,4
curative,4
timely,4
justifies,4
fascicular,4
septated,4
verbalize,4
micu,4
mesna,4
ambulator,4
negotiated,4
hurricane,4
unassisted,4
vertebrobasilar,4
azmacort,4
smiles,4
branching,4
gamco,4
paravesical,4
endorse,4
sandals,4
skipped,4
dependance,4
multidisciplinary,4
creon,4
leukemic,4
liss,4
pericapsular,4
cedars,4
avl,4
reversibility,4
astelin,4
blush,4
wrote,4
carbatrol,4
kinevac,4
fernandez,4
ampule,4
cocci,4
reexpand,4
favoring,4
helix,4
transilluminating,4
immunomodulatory,4
ktp,4
backbiting,4
pseudo,4
mattering,4
evidently,4
miscellaneous,4
greenwich,4
cried,4
pennington,4
avitene,4
offers,4
slide,4
voltaren,4
grandson,4
ondansetron,4
relievers,4
puts,4
niddm,4
hyperuricemia,4
irradiated,4
individualized,4
otolaryngologic,4
vasospasm,4
laca,4
consolidations,4
striated,4
billroth,4
secondlook,4
radiobiologic,4
remodeling,4
dosimetry,4
salesman,4
paraclinoid,4
torsional,4
pallidi,4
arcades,4
snore,4
gatorade,4
papules,4
scab,4
calmed,4
lipometabolism,4
minerals,4
octreotide,4
cruz,4
ophthalmoscope,4
skirt,4
akinesia,4
cheks,4
arguing,4
fun,4
disinterested,4
racket,4
primacor,4
subtotaled,4
simulated,4
gantry,4
evaluates,4
siemens,4
neu,4
psychologists,4
ixempra,4
dangerousness,4
terazosin,4
presume,4
incisura,4
doyen,4
yells,4
cme,4
gill,4
watched,4
toileting,4
niece,4
pectodeltoid,4
compulsive,4
bore,4
optimizing,4
ethmoidal,4
transilluminated,4
poke,4
thornton,4
nonfasting,4
conflicting,4
provisionally,4
xenograft,4
prodromal,4
ivda,4
watzke,4
costophrenic,4
siskin,4
prandin,4
link,4
ifosfamide,4
buffered,4
equaled,4
iugr,4
leptospirosis,4
bronchospasm,4
circles,4
hazards,4
subretinal,4
conveyed,4
pace,4
pseudoseizures,4
pesce,4
vomitting,4
iphc,4
vitrea,4
subendocardial,4
lotrel,4
tremulousness,4
arimidex,4
obsessive,4
ciwa,4
incidences,4
antecedent,4
euvolemic,4
antimicrobials,4
fluffed,4
fifteen,4
recuperative,4
nonobstructing,4
gastrohepatic,4
eyeball,4
polyposis,4
supreme,4
underminings,4
trips,4
reese,4
chopping,4
offshore,4
antenatal,4
microhematuria,4
detector,4
neoplasms,4
cystogram,4
bacteriology,4
nonreducible,4
tributary,4
benazepril,4
peritomies,4
microvitreoretinal,4
cephalopelvic,4
disproportion,4
asynclitism,4
btl,4
jacksonian,4
fistulectomy,4
brushing,4
thymoglobulin,4
malnourishment,4
jittery,4
bloods,4
query,4
leucocyte,4
arbitrary,4
nephrotic,4
bitewing,4
assurance,4
transorally,4
custodian,4
phoslo,4
derangements,4
limitus,4
iopidine,4
bridged,4
insidious,4
encouragement,4
handles,4
sbp,4
anteflexed,4
phrenoesophageal,4
osler,4
adducted,4
waters,4
dwelling,4
cleocin,4
circumcisions,4
meant,4
armed,4
pinked,4
overlay,4
versicolor,4
vietnamese,4
pediatricians,4
replacing,4
struts,4
choroid,4
monochorionic,4
radiobiological,4
cholecystostomy,4
bsn,4
resource,4
fowler,4
cyclodialysis,4
backaches,4
apathy,4
flickering,4
abruptly,4
salvador,4
mineral,4
plateauing,4
physiologist,4
chef,4
moisturizing,4
intend,4
zometa,4
carcinomas,4
beforehand,4
principally,4
birthday,4
frontotemporoparietal,4
recombinant,4
icp,4
abraded,4
mechanisms,4
precise,4
electrocauterization,4
pursuits,4
unbearable,4
irreparable,4
diep,4
enclosure,4
ncs,4
pseudoseizure,4
poupart,4
frequencies,4
semisolids,4
shunted,4
ictal,4
inappropriately,4
transients,4
clogged,4
frothy,4
aranesp,4
postdates,4
imbricate,4
breached,4
sectoral,4
seats,4
enmt,4
scotland,4
creams,4
visiport,4
decedent,4
corpuscular,4
prentiss,4
gubernacular,4
silo,4
antireflux,4
sensipar,4
ctap,4
commitment,4
lymphostasis,4
correspondence,4
coombs,4
calibrate,4
bulldogs,4
neuroplasty,4
nonsteroidals,4
rheumatologists,4
salicylate,4
mal,4
sacroiliitis,4
unreasonable,4
elicits,4
hjr,4
efferent,4
rosenm,4
ller,4
unsuccessfully,4
histologically,4
ruptures,4
nit,4
rectourethralis,4
transit,4
nonfatal,4
sitz,4
adhering,4
casted,4
thromboses,4
resolves,4
anticholinergic,4
typing,4
indian,4
stenotrophomonas,4
primaxin,4
perivesical,4
meningitidis,4
hemorrhaging,4
waxed,4
atlas,4
epipen,4
intimate,4
twelfth,4
enamel,4
synopsis,4
alfentanil,4
craig,4
meloxicam,4
halifax,4
harris,4
neoprene,4
fibrocystic,4
coagulator,4
tensioning,4
oncocytoma,4
presidents,3
antemortem,3
approximally,3
postmortem,3
blonde,3
piercings,3
livor,3
lividity,3
autolysis,3
thromboemboli,3
couplets,3
trigemini,3
extraforaminal,3
flattens,3
endarterectomies,3
avenue,3
generate,3
dictating,3
ventillation,3
pseudoaneurysms,3
logs,3
edna,3
hypersensitivities,3
prescriptive,3
mononeuropathy,3
elucidate,3
diminution,3
slows,3
microdiskectomy,3
moaning,3
hypoattenuating,3
meager,3
wagon,3
slammed,3
inclinometer,3
intrasegmental,3
yeoman,3
hibbs,3
posed,3
neurons,3
pretragal,3
chinese,3
herbs,3
satiety,3
metabolism,3
ckd,3
philippe,3
demilee,3
tentative,3
jars,3
florastor,3
burned,3
regulates,3
sggt,3
lemonade,3
downwardly,3
dka,3
charla,3
yassine,3
lilly,3
taught,3
joanne,3
araiza,3
debilitation,3
owner,3
quiche,3
vending,3
machines,3
biking,3
triathlon,3
brooke,3
extenders,3
chaoticness,3
forgetfulness,3
synthetic,3
weakened,3
cribbed,3
metamyelocytes,3
myelocytes,3
stylette,3
attentional,3
strongest,3
walter,3
lawyer,3
tendinopathy,3
propionate,3
vegetarian,3
cappuccino,3
leaning,3
singular,3
wpw,3
bioprosthetic,3
researching,3
tracings,3
janitor,3
science,3
numbered,3
conray,3
yueh,3
overgrown,3
hemilaminectomies,3
extrafascial,3
recycled,3
mls,3
insulins,3
climbed,3
anna,3
unawareness,3
deathly,3
ketone,3
charlie,3
athene,3
referrals,3
aiding,3
probation,3
asperger,3
relate,3
toys,3
possession,3
reinsert,3
pasta,3
breading,3
prepares,3
menu,3
influenced,3
craze,3
pac,3
iiia,3
pudding,3
puzzles,3
interruption,3
verification,3
plasminogen,3
dissatisfaction,3
emphasize,3
potatoes,3
accounted,3
precautioned,3
triggers,3
rearranged,3
abraxane,3
oophorotomy,3
distribute,3
overeaters,3
phlebectomy,3
careless,3
lapses,3
attentiveness,3
adjunct,3
partying,3
energetic,3
sweater,3
glazed,3
midmorning,3
clammy,3
abortive,3
desperate,3
zeroed,3
stitched,3
stripper,3
premenstrual,3
perimenopausal,3
hauling,3
corn,3
blankly,3
chemist,3
fitness,3
confusional,3
unpredictable,3
visions,3
mail,3
optical,3
intends,3
headedness,3
impatient,3
retry,3
aerobics,3
monopril,3
retaliated,3
harassment,3
ethic,3
adulthood,3
dwyne,3
missouri,3
misdirected,3
reoriented,3
humid,3
strands,3
ureteroscopic,3
bible,3
scalloped,3
endanger,3
thriving,3
jokes,3
subdued,3
delis,3
refrigerator,3
spazzing,3
gallon,3
jack,3
tachypneic,3
linda,3
honors,3
bang,3
mistakes,3
deferential,3
undergraduate,3
credits,3
setter,3
familiar,3
antibacterial,3
subligamentous,3
tier,3
crosstable,3
decussation,3
clouded,3
protector,3
stereognosis,3
bedding,3
dozing,3
boring,3
hytrin,3
budd,3
automotors,3
wisconsin,3
sorting,3
wcst,3
stroop,3
laryngotracheal,3
uncuffed,3
emerge,3
nodded,3
interests,3
bitch,3
vmi,3
purdue,3
rey,3
wms,3
dkefs,3
trail,3
dying,3
utmb,3
urospetic,3
migrated,3
breather,3
sixteen,3
polyarteritis,3
nodosa,3
chrysler,3
borg,3
tarlov,3
unrelieved,3
endeavors,3
replenish,3
flora,3
pimple,3
concise,3
loneliness,3
diurnal,3
gustatory,3
rebellious,3
socialize,3
dana,3
auditor,3
libidinal,3
preoccupation,3
pertaining,3
depersonalizations,3
derealizations,3
irrelevance,3
warner,3
vigilant,3
outright,3
tacky,3
algebra,3
quire,3
knitting,3
bahamas,3
ingest,3
precipitate,3
discrepancies,3
comparing,3
integrated,3
brachytherapist,3
borax,3
cheerful,3
youngster,3
conto,3
rips,3
tosses,3
imipramine,3
cricopharyngeal,3
myotomy,3
hopelessness,3
pfts,3
fist,3
instituting,3
servo,3
asv,3
reductions,3
evasiveness,3
concreteness,3
biot,3
initiates,3
cascading,3
lamps,3
sesamoidal,3
detach,3
blanket,3
parental,3
diapered,3
cleanliness,3
gauage,3
hypofix,3
elapsed,3
histopathological,3
anode,3
laryngotomy,3
decongestants,3
hobby,3
complies,3
empathy,3
affection,3
entitlement,3
egocentricity,3
controllingness,3
intimidation,3
credibility,3
novel,3
camcorder,3
tutoring,3
reliability,3
barriers,3
malingering,3
psychopharmacologic,3
deafening,3
killing,3
frightened,3
experimenting,3
lxv,3
genitofemoral,3
lighter,3
instrumentally,3
fleeting,3
antichrist,3
neighborhood,3
criticizing,3
psychotics,3
lapse,3
structured,3
taho,3
nevada,3
hotchkinson,3
petiole,3
vocalis,3
parting,3
weinberg,3
lindholm,3
fibrofatty,3
minipress,3
coincided,3
fexofenadine,3
benzo,3
hermann,3
shoot,3
microwave,3
hypomanic,3
mary,3
remainders,3
psychophysiologic,3
soaks,3
molds,3
facies,3
succeed,3
barney,3
downtown,3
needled,3
paratubal,3
unprotected,3
uroseptic,3
semirigid,3
obnoxious,3
weekdays,3
proficiency,3
feldene,3
prealbumin,3
storied,3
engages,3
reconnected,3
aberration,3
alerted,3
neer,3
georgia,3
forthcoming,3
massachusetts,3
cuffed,3
addresses,3
medicating,3
lumigan,3
nitroquick,3
spreads,3
antifungal,3
uncontrollable,3
recommends,3
hovered,3
sneak,3
bisphosphonate,3
fungus,3
collarbone,3
sano,3
ventriculotomy,3
childproof,3
instrumental,3
ellick,3
exclusion,3
overdosage,3
rituals,3
dozes,3
peaked,3
irbesartan,3
inhalers,3
abated,3
research,3
katzman,3
sell,3
accounts,3
collect,3
egds,3
amputations,3
judging,3
nontrivial,3
mitigate,3
pexy,3
undocked,3
calyx,3
pyeloscopy,3
cusps,3
impeding,3
volitional,3
stimulations,3
farther,3
trochar,3
armband,3
hanger,3
flanking,3
dismembered,3
anastomose,3
impinge,3
methylcellulose,3
cautioned,3
lipomyomeningocele,3
reliance,3
toy,3
pyriform,3
consistencies,3
peristaltic,3
barefoot,3
enlightening,3
rubor,3
constituting,3
fragmin,3
graph,3
hyperreflexiveness,3
cease,3
confined,3
dysrhythmias,3
internus,3
mediolaterally,3
malodor,3
modify,3
remodel,3
dusted,3
urothelial,3
karyotypic,3
intravesical,3
pooled,3
intrapelvic,3
hitch,3
fights,3
scfe,3
zyloprim,3
boxer,3
dyscoordination,3
educate,3
decongest,3
crowded,3
mistake,3
cytomolecular,3
antihypertensives,3
bmr,3
suprahyoid,3
napping,3
inconsistency,3
laminas,3
connecters,3
fixes,3
fashioning,3
esis,3
projecting,3
dust,3
tacrolimus,3
steffee,3
donut,3
platysmata,3
paracolic,3
cow,3
checkups,3
postspinal,3
cts,3
blunting,3
suffocating,3
payroll,3
cruises,3
sequenced,3
retightened,3
microfoam,3
soy,3
wheat,3
sweetheart,3
unsuspected,3
plateaued,3
criss,3
malopposed,3
physiologically,3
rastelli,3
duskiness,3
tires,3
dada,3
bruitt,3
competing,3
cervico,3
resuscitative,3
lipping,3
knelt,3
prazosin,3
thrombolisis,3
nqwmi,3
ecasa,3
dock,3
ureteropyelograms,3
ureterorenoscopy,3
prosody,3
music,3
desyrel,3
fuse,3
unremitting,3
headlamp,3
excessively,3
cachetic,3
hadd,3
habd,3
ureterocalicostomy,3
sunk,3
valsalved,3
castoff,3
blackstone,3
tilts,3
shoots,3
mouse,3
transligamentous,3
fibrosus,3
surgifoam,3
nonfusion,3
nonimprovement,3
arthrodesed,3
acufix,3
platysmas,3
distractor,3
shaping,3
juxtaposition,3
crania,3
esophageus,3
sternoclavicular,3
succession,3
atlantis,3
anulus,3
bicortically,3
inline,3
gardner,3
distractions,3
forces,3
superb,3
acf,3
accelerating,3
spe,3
pyelography,3
urethroscopic,3
craving,3
decayed,3
introduce,3
cans,3
harleton,3
shingled,3
bladeless,3
aerosols,3
preregistration,3
myringtomy,3
realize,3
wiggle,3
nitric,3
deafness,3
nightmares,3
flashbacks,3
slapped,3
emdr,3
airlifted,3
geneva,3
crimped,3
scraped,3
setscrews,3
postioning,3
cutters,3
scraping,3
dowel,3
interferes,3
houseparent,3
excepted,3
patiently,3
decibels,3
pulsated,3
search,3
orthosis,3
incrementally,3
hoses,3
quads,3
hypertonicity,3
speciated,3
propulsid,3
areflexic,3
defecate,3
electrocauterized,3
carnitine,3
subtherapeutic,3
switzerland,3
stationed,3
rural,3
laborious,3
sandimmune,3
jos,3
cauliflower,3
struggled,3
drifted,3
latin,3
weeker,3
elects,3
plantolateral,3
microanalysis,3
restraining,3
transilluminate,3
audiometry,3
undertapped,3
listhesed,3
listhesis,3
gearshift,3
pangea,3
micromotion,3
reside,3
lipomatosis,3
plasmapheresis,3
paralyzed,3
michael,3
guaranteed,3
peerla,3
jacks,3
wresting,3
treats,3
malaria,3
abcg,3
fila,3
terminale,3
cisternal,3
retreated,3
coalmine,3
silica,3
pneumoconiosis,3
coal,3
pustular,3
resounded,3
earaches,3
scouts,3
intensivist,3
papillomavirus,3
residents,3
incessant,3
steinmann,3
scabbing,3
noninfectious,3
illicits,3
retrocardiac,3
boils,3
stepbrother,3
gage,3
peribronchial,3
croup,3
asthmaticus,3
regurgitate,3
indoor,3
subspecialist,3
deaths,3
toxicum,3
listeria,3
hacky,3
similac,3
postnatal,3
apple,3
perceptions,3
richard,3
humor,3
grandparent,3
orapred,3
totalling,3
secondhand,3
juices,3
tarts,3
cooks,3
cues,3
miner,3
pernicious,3
xerosis,3
odontoid,3
procarbazine,3
colpoperineoplasty,3
wiping,3
bulbocavernosus,3
perinei,3
crumpled,3
slntc,3
pubovesicocervical,3
collects,3
immerse,3
icing,3
overuse,3
concordant,3
magnevist,3
gbm,3
extirpation,3
buzzing,3
zicam,3
coccyx,3
herniate,3
nozzle,3
necked,3
intracostal,3
reviews,3
proves,3
successes,3
usefulness,3
serologic,3
declaudication,3
hydropneumothorax,3
explosion,3
crisp,3
tir,3
addictive,3
psychotropic,3
unmonitored,3
curtail,3
extracting,3
trucks,3
rig,3
xla,3
adenomyomatosis,3
argentinean,3
compares,3
metabolically,3
esthetician,3
wincing,3
carisoprodol,3
jnt,3
peronei,3
palmomental,3
amyotrophy,3
luther,3
king,3
premolar,3
achieves,3
milky,3
remounted,3
subgaleally,3
signatures,3
earnest,3
chiari,3
sectional,3
pronating,3
electrocauteried,3
talks,3
busy,3
clumsy,3
intwined,3
tenosynovectomy,3
epineurotomy,3
epineurectomy,3
flinching,3
moccasin,3
blotching,3
pigmentation,3
online,3
agammaglobulinemia,3
detroit,3
masseter,3
supercilii,3
transited,3
dermatochalasia,3
browlift,3
rhonda,3
ackerman,3
benefited,3
baylor,3
reappeared,3
convenient,3
crawl,3
nka,3
medina,3
rodgers,3
nonhairbearing,3
antagonistic,3
peritesticular,3
lightest,3
provocative,3
switching,3
tom,3
welbeck,3
halucis,3
periostem,3
fluctuate,3
manuever,3
phalens,3
congenitally,3
uhthoff,3
dysesthesias,3
catamenial,3
terres,3
shorten,3
supratrochlear,3
lashline,3
calcaneonavicular,3
naviculocuneiform,3
intercuneiform,3
lisfranc,3
cortication,3
hammertoes,3
pasa,3
perched,3
convergent,3
nibbler,3
weighbearing,3
toothpick,3
strike,3
histiocyte,3
agarose,3
motionless,3
nodding,3
rhythmically,3
convinced,3
concerta,3
reasoned,3
neurooncology,3
utensils,3
von,3
hippel,3
dysesthetic,3
radiations,3
qhours,3
allodynic,3
richman,3
roseburg,3
ninan,3
matthew,3
chemo,3
epicardium,3
tarsectomy,3
metatarsectomy,3
dorsomedially,3
juvaro,3
creat,3
estimation,3
epineurium,3
routes,3
cervicalgic,3
megahed,3
lube,3
nasojugal,3
performer,3
publicity,3
promotions,3
specializing,3
cheekbone,3
provocable,3
unsightly,3
thecalsac,3
banker,3
circumstance,3
singer,3
jaeger,3
pseudofat,3
lacri,3
grinding,3
hemochromatosis,3
firstly,3
crab,3
mobster,3
dakota,3
collage,3
certified,3
polypropylene,3
mandatory,3
reduces,3
afford,3
tuberculum,3
hypophysectomy,3
bonaparte,3
pages,3
holy,3
faber,3
statistically,3
null,3
lollipop,3
promulgating,3
cited,3
squad,3
exertionally,3
lindau,3
exept,3
trapezeii,3
hads,3
hyperreflexic,3
hyporeflexic,3
electrocardioversion,3
antalgia,3
alternately,3
provoke,3
midthoracic,3
hypoesthesia,3
bicycling,3
unacceptable,3
cornell,3
cervicolumbar,3
comorbidity,3
vehicular,3
diprivan,3
recumbency,3
midrin,3
inventory,3
rheumatological,3
ketchican,3
condoms,3
startle,3
tea,3
pepsi,3
apd,3
duac,3
loprox,3
oppose,3
tarsometarsal,3
edl,3
ossificans,3
arixtra,3
rug,3
dynamometer,3
scratchy,3
anesthesias,3
sings,3
tachyarrhythmias,3
bradyarrhythmias,3
emerged,3
antiarrhythmics,3
cardioversions,3
neglected,3
originates,3
nailbeds,3
anoscope,3
abrogated,3
nondescript,3
reversing,3
xigris,3
abrogation,3
rhytides,3
pancytopenic,3
petroleum,3
angola,3
plantarflexion,3
nucleuses,3
slimlock,3
hnp,3
bremer,3
sicu,3
spo,3
kahn,3
semilunar,3
surgidak,3
liopsuction,3
lipotosis,3
guns,3
opponens,3
siegert,3
assistants,3
limping,3
atfl,3
walling,3
barring,3
paralegal,3
broadly,3
telephonically,3
incisin,3
auricularly,3
nonstick,3
mucocyst,3
knives,3
discopathy,3
sidebending,3
yields,3
bitter,3
smoky,3
chalazion,3
hordeolum,3
babinskis,3
nurolons,3
photosensitive,3
shopping,3
hfa,3
accepting,3
trust,3
authority,3
chronological,3
magic,3
chemicals,3
mrv,3
uninsured,3
developer,3
microinstruments,3
intracranially,3
norian,3
prescrubbed,3
park,3
beveling,3
stickiness,3
fluctuation,3
sunglasses,3
nonalignment,3
preferable,3
stressor,3
engineering,3
sacrificed,3
countered,3
ultrasonic,3
tfts,3
fairs,3
vast,3
putative,3
frontally,3
aspirator,3
microplates,3
sugita,3
fiducials,3
demented,3
vermis,3
cored,3
pools,3
anticonvulsants,3
neuropathies,3
suited,3
yards,3
craniofix,3
fixators,3
persists,3
perfusing,3
firmness,3
sds,3
misalignment,3
readministered,3
urogenital,3
huber,3
labbe,3
greenwood,3
marriages,3
stooped,3
putamen,3
neupogen,3
consolidative,3
mismatched,3
shavings,3
siloxane,3
intracanalicular,3
retrosigmoid,3
emissary,3
disrupt,3
cosmesis,3
asterion,3
temno,3
trigeminal,3
evulsed,3
indistinct,3
crucially,3
splayed,3
pulsate,3
bergen,3
coupon,3
torpedo,3
postbiopsy,3
fieldstone,3
droplets,3
mississippi,3
undefined,3
layering,3
deformation,3
intraspinous,3
hemiplegic,3
ich,3
xanthochromia,3
densities,3
hippocampus,3
spatulation,3
trashing,3
clustered,3
tadpole,3
greenville,3
wilkesboro,3
cards,3
locker,3
weld,3
circon,3
distending,3
moderated,3
weeping,3
inform,3
baptist,3
misorder,3
audibly,3
clerk,3
yell,3
pyelo,3
lyndhurst,3
lactose,3
assisting,3
menstruation,3
hyperflexion,3
apophyses,3
pulsed,3
neuromonitoring,3
specialty,3
roman,3
niaspan,3
maintains,3
acidotic,3
quadriparetic,3
preoped,3
baselines,3
hyperstatic,3
oozy,3
horsley,3
extents,3
diskectomies,3
chorioamnionitis,3
beautiful,3
lochia,3
explanatory,3
topography,3
anastamosis,3
accentuated,3
vary,3
auscultate,3
rigorous,3
dining,3
patty,3
summarized,3
converse,3
adds,3
symptotic,3
directional,3
electronystagmogram,3
eager,3
dor,3
ileojejunal,3
receiver,3
blackheads,3
calcaneofibular,3
router,3
epithelializing,3
biopotential,3
recordings,3
irrigations,3
role,3
handing,3
decremental,3
pure,3
overshoot,3
optokinetic,3
okns,3
parsons,3
telescope,3
optimally,3
korean,3
styletted,3
fourteen,3
primapore,3
medpore,3
psu,3
appraised,3
suprastomal,3
fibroma,3
patrol,3
physiatry,3
import,3
sunnyside,3
titled,3
transitory,3
trapezia,3
goniometry,3
conformant,3
thawed,3
warren,3
amphetamine,3
disassociation,3
hyaline,3
resorption,3
abuser,3
gyri,3
coat,3
extensions,3
coolidge,3
angiomas,3
tumescence,3
dissolve,3
nod,3
attained,3
compilations,3
insistent,3
discriminate,3
dieting,3
witnesses,3
subacromion,3
combines,3
papilla,3
supraglottis,3
ivor,3
lewis,3
witzel,3
tabularized,3
parson,3
entries,3
haglund,3
evidences,3
parties,3
duodenoscope,3
cooke,3
tritome,3
sphincterotome,3
ceased,3
definition,3
silastic,3
mammographically,3
epidermis,3
unwrapped,3
rooted,3
fluted,3
kopans,3
joe,3
painkillers,3
schmorl,3
forwarded,3
semicircle,3
rejoined,3
autografts,3
thousandths,3
prematurely,3
newer,3
secundum,3
duodenogastric,3
showering,3
aortobiiliac,3
septomucoperichondrial,3
fading,3
handgrip,3
mpression,3
progressions,3
thalassemia,3
postnatally,3
hypothermic,3
nonobstructed,3
procured,3
seamguard,3
prp,3
pallidus,3
boarding,3
flooring,3
installer,3
tumour,3
ether,3
reimburse,3
discoordination,3
uncommunicative,3
reluctantly,3
skier,3
volunteers,3
surgidac,3
passageway,3
inferiomedially,3
prudently,3
intersect,3
dispatched,3
partlow,3
harness,3
nephritis,3
ultrafiltration,3
endolumen,3
exoluminal,3
dermoid,3
ureterolithiasis,3
ett,3
physiological,3
radionics,3
vigilantly,3
substituting,3
ascertain,3
anaplastic,3
frankly,3
amazingly,3
ethical,3
spirit,3
micturition,3
devastation,3
nonaccidental,3
involuted,3
eponychium,3
afterward,3
kasai,3
glutaraldehyde,3
pursestrings,3
poststandard,3
nephrogram,3
cfd,3
deepening,3
propel,3
intracuticular,3
bedridden,3
investigations,3
kemp,3
impactions,3
verity,3
vigilance,3
occupied,3
preventing,3
kumpe,3
postangioplasty,3
osteoset,3
tubeless,3
affixing,3
predisposition,3
reared,3
straightforward,3
squat,3
hop,3
reabsorbable,3
unavailability,3
leaked,3
metastasizing,3
reconciliation,3
intoxicated,3
instrumention,3
valid,3
luckily,3
chris,3
thompson,3
readicat,3
nondependent,3
osteoblastic,3
osteolytic,3
lingular,3
electronics,3
robotics,3
triangulate,3
globes,3
conglomerate,3
bowed,3
nailbed,3
tlc,3
rotten,3
panful,3
plantarflexed,3
radiosurgical,3
obliterate,3
uploaded,3
nasoseptal,3
floss,3
socio,3
economic,3
poquito,3
floragon,3
forest,3
kinase,3
bronchospastic,3
transaction,3
resign,3
employers,3
disciplining,3
tardiness,3
workdays,3
chaotic,3
fein,3
neurocognitive,3
intranuclear,3
pretreated,3
bandemia,3
documentary,3
hectic,3
neuropsychologist,3
diagnostically,3
fmla,3
craniocerebral,3
sixteenths,3
toxicologic,3
cardioverted,3
owing,3
microdiscectomy,3
taylor,3
adjoining,3
forked,3
reformats,3
interspacing,3
mineralization,3
creates,3
degrades,3
anterolisthesis,3
encircles,3
sleeved,2
bloodstained,2
defense,2
ellipsing,2
pie,2
sheeting,2
erect,2
surgi,2
hemolymphatic,2
ablative,2
skeletonize,2
liberation,2
flaccida,2
gastrophrenic,2
gastrosplenic,2
mesoesophagus,2
retroesophageal,2
hygroma,2
upstream,2
assaulted,2
fisted,2
cholecystemomy,2
obturation,2
puberty,2
invoke,2
subdurals,2
striae,2
semisolid,2
antigens,2
hemophilus,2
pneumoniae,2
neiserria,2
serosa,2
extirpated,2
inconspicuous,2
clad,2
hazel,2
endothelial,2
latent,2
incorrectly,2
spelled,2
dlow,2
neglects,2
dysdiadochokinesis,2
dyssynergic,2
amoxacillin,2
orhm,2
cellufresh,2
trans,2
claustrum,2
waned,2
lbbb,2
mowers,2
engine,2
abuts,2
specificity,2
paraglottic,2
prelaryngeal,2
rosenmuller,2
perimesencephalic,2
parietotemporal,2
anticonvulsant,2
raca,2
heubner,2
drag,2
frontotemporoparieto,2
coalescent,2
arches,2
homosexuality,2
nafcillin,2
montages,2
electromyographic,2
naturally,2
maximized,2
upsloping,2
transcatheter,2
dysfluent,2
pharmacologically,2
selverstone,2
nimodipine,2
chooses,2
concealed,2
retractable,2
insisting,2
investing,2
okn,2
guggenheim,2
vergae,2
mil,2
realms,2
arrhythmatic,2
schillings,2
dure,2
qmonth,2
ascribed,2
cryoclamp,2
mosquitos,2
looping,2
inguinally,2
prospects,2
orchectomy,2
urodyanamcis,2
cerclage,2
tocolytic,2
rifampin,2
janeway,2
judes,2
crile,2
asynchronous,2
uttering,2
pseudonormalization,2
novoste,2
strontium,2
dichorionic,2
delivers,2
stoke,2
des,2
moines,2
overbreathing,2
waveforms,2
placebo,2
subfascially,2
collodion,2
transcend,2
biplane,2
trained,2
fontanels,2
institutionalized,2
demonstrable,2
increment,2
herniorrhaphies,2
codominance,2
groshong,2
obscurations,2
clinoid,2
quinidine,2
vbg,2
choletec,2
cholecystic,2
unenhanced,2
intracath,2
mdct,2
chaser,2
sino,2
dominance,2
postprocessing,2
narrowings,2
readable,2
coplanar,2
beams,2
approximates,2
isodate,2
cerrobend,2
custom,2
fabricated,2
chronologic,2
thicknesses,2
noncoronary,2
multiphase,2
rendering,2
defining,2
ancillary,2
unreadable,2
probenecid,2
emphysematous,2
nmol,2
modulating,2
cheyenne,2
wyoming,2
cigar,2
subhyaloid,2
briquet,2
hysterical,2
snhl,2
unclippable,2
echography,2
orbitopathy,2
pseudogaze,2
viokase,2
geiger,2
coarsening,2
overslept,2
folstein,2
recite,2
cmb,2
visuoperceptual,2
ebt,2
appropriateness,2
delineates,2
proprietary,2
composition,2
hyperfractionation,2
intensively,2
dwell,2
loader,2
radioembolization,2
gbq,2
yttrium,2
therasphere,2
microspheres,2
cataclysmic,2
sneeze,2
alupent,2
yawned,2
blend,2
signals,2
dyslexia,2
pgf,2
ependymoma,2
neurocytoma,2
rcca,2
cytotoxic,2
potentiate,2
accordance,2
lvbb,2
aminophylline,2
vasoseal,2
electrographic,2
poststress,2
orhf,2
unequal,2
hyperopia,2
deviates,2
opthalmology,2
horner,2
invention,2
chemoradiotherapy,2
hepatocellular,2
glial,2
ffdm,2
summed,2
lateromedial,2
hypervascular,2
properties,2
isotope,2
epidermidis,2
erp,2
pathways,2
isoproterenol,2
troubling,2
refractoriness,2
bellows,2
cavermap,2
constricture,2
etcetera,2
apoplexy,2
isocenter,2
electronically,2
magnified,2
intorsion,2
dolichoectatic,2
aneursym,2
neuroopthalmologic,2
bowing,2
rathke,2
neuroopthalmology,2
downgaze,2
amphotericin,2
tursica,2
clinoids,2
opacify,2
parish,2
faux,2
mishaps,2
constructive,2
inflammed,2
magendie,2
india,2
consistantly,2
toxoplasma,2
disintegrated,2
crytococcus,2
neoformans,2
intrasinus,2
anosmia,2
newpaper,2
cooperatively,2
grad,2
granulocytes,2
meninges,2
prepontine,2
detainee,2
officers,2
gush,2
catheterizations,2
postprocedural,2
mosm,2
cortrosyn,2
fsh,2
incubator,2
peculiar,2
parasagittal,2
sioux,2
antiepileptic,2
mysoline,2
averaged,2
ivg,2
siphon,2
rhinotomy,2
concurrently,2
grating,2
perseverated,2
muscatine,2
pastoral,2
erupts,2
illogical,2
goldmann,2
recognizable,2
tease,2
gubernaculum,2
nonexistent,2
sphenoidale,2
superomedial,2
primitive,2
performances,2
pile,2
letters,2
curtain,2
wisc,2
individuals,2
carboxyhemoglobin,2
forgotten,2
quandranopia,2
uncus,2
substitution,2
gfap,2
dimensionally,2
optimizes,2
expended,2
ultrastructural,2
pinworms,2
vermox,2
biologic,2
reconsidered,2
neurointerventional,2
barrows,2
phoenix,2
lfb,2
demyelination,2
oligodendroglia,2
basophilic,2
astrocytes,2
calibrating,2
hybridization,2
pittsburgh,2
muga,2
dysmetric,2
bradykinetic,2
whistle,2
embolizations,2
qweek,2
lichen,2
waddling,2
azt,2
ddi,2
recured,2
penil,2
surround,2
inhomogenously,2
pyrimethamine,2
arthritides,2
conceived,2
virtual,2
incontinency,2
microacinar,2
streaky,2
transcapular,2
mortem,2
residence,2
mvv,2
airflows,2
triplet,2
evoke,2
dialyvite,2
allergen,2
offending,2
feeble,2
fares,2
savers,2
lymphoepithelial,2
tackle,2
halitosis,2
grass,2
anaphylactic,2
thromboprophylaxis,2
holt,2
cafeteria,2
fenoldopam,2
unclamping,2
accesses,2
gluconate,2
webspace,2
amorphus,2
dolichoectasia,2
periatrial,2
intrasellar,2
initailly,2
hisotry,2
massey,2
licensed,2
lvn,2
gyral,2
cyclosporin,2
abcde,2
stringent,2
movies,2
dolorous,2
sulfadiazine,2
blinked,2
winced,2
neuroophthalmologic,2
effortful,2
neuropsychology,2
fluently,2
lucidly,2
dietitian,2
rehabilitated,2
gravel,2
colestid,2
sudafed,2
phenylpropanolamine,2
adjudicate,2
stratification,2
weakly,2
nutrisystem,2
jenny,2
tops,2
cabbage,2
simmons,2
sustainable,2
acids,2
scenario,2
parcel,2
notion,2
nondihydropyridine,2
subsiding,2
peaking,2
panicking,2
polypectomies,2
corridor,2
nonprogression,2
plethora,2
holden,2
lansoprazole,2
piperacillin,2
tazobactam,2
envision,2
moodiness,2
catheted,2
rifabutin,2
pyoloric,2
componenets,2
sigvaris,2
cbz,2
cbgd,2
complaingin,2
anisocoria,2
decardron,2
stavudine,2
thougth,2
stading,2
prints,2
dysphagic,2
syllable,2
comprehended,2
mmicking,2
cronic,2
tampo,2
elder,2
albuginea,2
corporotomies,2
assignments,2
dissolution,2
affair,2
debt,2
interpositum,2
hypointensity,2
thalami,2
perceptive,2
won,2
tampa,2
adventure,2
cesarian,2
fta,2
abs,2
myeloperoxidase,2
outs,2
ticlopidine,2
strengthened,2
hemispherical,2
velum,2
amber,2
mcdevitt,2
stomel,2
fractionation,2
facilitating,2
understandably,2
dishonest,2
deceitful,2
impatience,2
cyclical,2
truckdriver,2
bulimia,2
naval,2
tevdek,2
cholinergic,2
diode,2
greyed,2
bioccipital,2
malar,2
grinder,2
viper,2
career,2
simplest,2
conversational,2
abadeedleedlebadle,2
uttered,2
marred,2
reed,2
myxomatous,2
stanch,2
ams,2
putaminal,2
raped,2
decerebrate,2
acrylic,2
lasering,2
rutkow,2
myopectineal,2
vpa,2
disconjugate,2
gibberish,2
vasculitic,2
tagamet,2
transcortical,2
precentral,2
contrary,2
responders,2
unreactive,2
coccygectomy,2
resuspension,2
armour,2
chloral,2
doest,2
engulfed,2
greenfield,2
smokeless,2
veramyst,2
clavulanic,2
raloxifene,2
alendronate,2
brimonidine,2
barber,2
canada,2
friction,2
vitiligo,2
hepatojugular,2
genito,2
tympanometry,2
humming,2
roaring,2
dynacirc,2
neuronitis,2
charted,2
preexcitation,2
recorder,2
feebly,2
advent,2
diurese,2
ivcd,2
paradoxical,2
thinness,2
aliquot,2
champion,2
automotive,2
tob,2
reciprocates,2
religiously,2
pierce,2
boomerang,2
novum,2
herbicide,2
candelabra,2
corresponded,2
retroareolar,2
isocyamine,2
monocril,2
unclasping,2
inremarkable,2
dysautonomia,2
micrographia,2
myerson,2
hypomimia,2
drager,2
liberalize,2
malfunctioned,2
ripped,2
embarrassed,2
rip,2
dangling,2
condylomatous,2
attaches,2
clasping,2
metanephrine,2
radiocapitellum,2
circumscribe,2
splaying,2
heineke,2
perpetual,2
hernial,2
salvaging,2
lentiform,2
fournier,2
phimotic,2
penectomy,2
pouring,2
catecholamines,2
rebecca,2
agencies,2
behaved,2
lancet,2
asymmetrically,2
helicopter,2
vapors,2
incarcerations,2
offenses,2
subfalcine,2
paraparesis,2
tectum,2
tit,2
diastasis,2
deglove,2
demarcation,2
segond,2
diaphyseal,2
retinacula,2
proportionate,2
balled,2
meniscocapsular,2
lenticulostriate,2
mastoids,2
god,2
subjacent,2
enucleating,2
sluggishness,2
labra,2
paralabral,2
vacations,2
zoladex,2
estrace,2
incubation,2
condylox,2
tunic,2
jock,2
coude,2
myotendinous,2
osteoarthropathy,2
interarticular,2
osteochondromatous,2
destroying,2
shoplifting,2
karnofsky,2
irs,2
audits,2
nyquil,2
hints,2
retains,2
hydrocelectomies,2
charming,2
darkness,2
modestly,2
sodas,2
coffees,2
caster,2
cardioesophageal,2
adaptor,2
propelling,2
conforming,2
postdrainage,2
cholecystogram,2
transrectus,2
venodynes,2
spiritual,2
dollar,2
prometheus,2
transgressions,2
dissociative,2
spiced,2
carpals,2
fibrocartilage,2
variance,2
intercarpal,2
dimples,2
condylomata,2
crap,2
adherently,2
insuring,2
racquet,2
cde,2
snacking,2
milkmaid,2
premix,2
dec,2
clubbed,2
rcp,2
chlordiazepoxide,2
clidinium,2
subjects,2
ethnicity,2
nearing,2
retrievable,2
obtundation,2
losartan,2
recuperating,2
shutdown,2
companies,2
oldest,2
tuberculations,2
caverject,2
proverb,2
abstraction,2
sonograms,2
sulfur,2
colloid,2
shielding,2
triphosphate,2
vicinity,2
midureteral,2
pyridium,2
transmural,2
cystourethroscope,2
electrofulgurated,2
hypotonic,2
malrotation,2
repolorization,2
excludes,2
eswl,2
trus,2
register,2
contraindication,2
wraparound,2
bileaflet,2
equation,2
aic,2
cystoscoped,2
bilobular,2
buren,2
sloping,2
diminishes,2
copying,2
figures,2
fro,2
reader,2
rvsp,2
vertebrals,2
numbed,2
benzocaine,2
hastened,2
millicuries,2
thallous,2
depolarizing,2
stared,2
twitched,2
nonprostatic,2
librium,2
binges,2
willful,2
convicted,2
pot,2
frustrations,2
expecting,2
couples,2
recitation,2
strife,2
jeffrey,2
cellphones,2
tantrums,2
gay,2
retail,2
yeas,2
minimizes,2
phlegmonous,2
uppermost,2
fluttered,2
negativity,2
oximetric,2
woodlands,2
joking,2
interviewers,2
placentral,2
ofd,2
efw,2
yolk,2
technologist,2
biometric,2
parametric,2
posterofundal,2
complying,2
stewardess,2
pilots,2
reject,2
deplaned,2
cogentin,2
dots,2
nonredirectable,2
belief,2
dosed,2
madison,2
collaborate,2
permission,2
quetiapine,2
titrating,2
samoan,2
villous,2
litholapaxy,2
preaortic,2
impulsively,2
overdraft,2
threats,2
coinciding,2
dislike,2
protopic,2
evolves,2
blown,2
henoch,2
schonlein,2
hypermobile,2
cystolithalopaxy,2
rectoscope,2
harmed,2
shocked,2
wrongly,2
shoplift,2
barricading,2
unplugging,2
macules,2
periungual,2
aua,2
thereof,2
genitorectal,2
tandoc,2
prostascint,2
jersey,2
master,2
trucking,2
retropubically,2
urethrotome,2
catatonic,2
jacinto,2
resumes,2
offended,2
transderm,2
metastron,2
neobladder,2
hydronephrotic,2
impedances,2
attenuates,2
kent,2
leaping,2
highway,2
antimicrobial,2
ita,2
cities,2
flares,2
bald,2
modafinil,2
novocain,2
league,2
strained,2
displaying,2
fluctuates,2
acknowledging,2
heated,2
perceptional,2
eloped,2
restrains,2
negates,2
paster,2
defers,2
phosphorous,2
siadh,2
potency,2
cryosurgical,2
obsessions,2
ahi,2
thermistors,2
bpms,2
referential,2
omitted,2
petit,2
cdx,2
triumph,2
delaying,2
lympyhadenopathy,2
estraderm,2
midposition,2
meets,2
reoperations,2
hydromorphone,2
doxazosin,2
acidophilus,2
pasadena,2
multilobar,2
epithelioid,2
calretinin,2
moc,2
blinded,2
knight,2
prohibited,2
submuscularly,2
unicortical,2
buccogingival,2
irate,2
bnps,2
lemon,2
retailer,2
underway,2
proair,2
janumet,2
rend,2
filgrastim,2
nonstop,2
sensorial,2
billing,2
analyst,2
threaten,2
coincide,2
postponing,2
adoption,2
reply,2
ismo,2
administrative,2
inflexion,2
sporadically,2
breakdowns,2
arrhythmically,2
illogic,2
numbering,2
cms,2
lubricate,2
lessens,2
thermistor,2
piezoelectric,2
electrocardiography,2
polysomnography,2
stabilizer,2
spankings,2
spank,2
spoon,2
pts,2
inperforated,2
professor,2
experimented,2
assaults,2
agcl,2
indiscretions,2
enormously,2
imagine,2
disputes,2
abandonment,2
pph,2
disciplined,2
highlights,2
plms,2
refreshing,2
compumedics,2
polysomnograph,2
symbolization,2
abstractions,2
gesture,2
sprees,2
interictal,2
implications,2
pulmonale,2
patterned,2
confrontative,2
policy,2
wrest,2
nondelusional,2
poses,2
subthreshold,2
punctuated,2
sgpt,2
fresher,2
gauging,2
spraying,2
dragged,2
pma,2
unpopular,2
secrets,2
papoose,2
nesacaine,2
configured,2
wipes,2
antivirals,2
informs,2
tahoe,2
sgot,2
rage,2
narcissistic,2
reclusive,2
unliked,2
hyperdefecation,2
photofacials,2
benzoyl,2
mattresses,2
geologist,2
petrogas,2
mothers,2
inflection,2
hazardous,2
abstinence,2
campral,2
threatened,2
nottingham,2
antiestrogen,2
rechallenge,2
lopid,2
deviate,2
cravings,2
vodka,2
antabuse,2
mucinex,2
keyboarding,2
obsession,2
cleanness,2
lessening,2
japanese,2
hello,2
luvox,2
dialectical,2
pew,2
lectern,2
tasering,2
ctsu,2
randomized,2
ixabepilone,2
avastin,2
hydroxy,2
insensate,2
crackers,2
mucosus,2
upgraded,2
batteries,2
warranty,2
medicare,2
maculae,2
gastroenterologic,2
investigative,2
cardiovascularly,2
dmso,2
hsm,2
nephrosis,2
sweet,2
circumcising,2
unrecorded,2
redmond,2
ureteric,2
opting,2
faslodex,2
aromasin,2
cervicalgia,2
mhps,2
contrite,2
unkempt,2
contrition,2
overused,2
withdrawing,2
hooding,2
crede,2
epididymidis,2
redrawn,2
adventitial,2
accomplishing,2
encouraging,2
reanastomosis,2
discission,2
tcc,2
oxaprozin,2
leucocytosis,2
friesen,2
epo,2
uremic,2
websites,2
residency,2
collaboratively,2
cystectomies,2
subdermally,2
fears,2
intensifying,2
elmiron,2
makeup,2
hyperlipidemic,2
symlin,2
debating,2
untouched,2
hemo,2
posteriormost,2
reparative,2
fnp,2
burdensome,2
unscheduled,2
itches,2
lacey,2
rhytids,2
nonoperatively,2
uninjured,2
insured,2
uropathy,2
def,2
lanced,2
inducted,2
glossitis,2
iby,2
sniffles,2
midurethral,2
isd,2
coaptite,2
bulking,2
tighter,2
tophi,2
periarticularly,2
yellowed,2
liquor,2
modelled,2
sunburns,2
urethrovesical,2
counterclockwise,2
retroperitonealized,2
abraham,2
carmen,2
resentment,2
allegedly,2
accusation,2
chaos,2
shoving,2
weeknights,2
lumbotomy,2
cystoid,2
stressing,2
ilm,2
upsets,2
unwanted,2
cares,2
sends,2
calms,2
adjusts,2
flaky,2
cancelled,2
skipping,2
polymethylmethacrylate,2
wildes,2
trembling,2
array,2
fistulae,2
osteitis,2
misinterprets,2
mad,2
frond,2
cheng,2
grasps,2
hamburger,2
kaopectate,2
preventative,2
enlargements,2
neuromusculoskeletal,2
uptoeing,2
retake,2
equator,2
ora,2
serrata,2
milliapms,2
handpieces,2
judicious,2
ferguson,2
roszhart,2
bug,2
hemodilutional,2
baylis,2
panretinal,2
scatter,2
dialyses,2
accurus,2
illuminating,2
crafts,2
painting,2
beadwork,2
terminology,2
stocks,2
shelves,2
clubs,2
cvrc,2
chorioplexus,2
mamillary,2
liliequist,2
suburethral,2
snugged,2
amanda,2
christian,2
connie,2
zostrix,2
trilisate,2
westergren,2
readmit,2
chek,2
tarka,2
triventricular,2
pia,2
luck,2
misplaced,2
draws,2
swells,2
tobrex,2
dispatcher,2
reinsufflated,2
pterygium,2
calming,2
multilength,2
nephrostogram,2
vss,2
bodyaches,2
bind,2
axe,2
petitioned,2
douloureux,2
abdominopelvic,2
triviflor,2
synalar,2
phenobarbitone,2
mills,2
polyneuropathy,2
pinches,2
clears,2
noontime,2
lunchtime,2
stew,2
brining,2
ritgen,2
kerlone,2
citrucel,2
neovascular,2
colpotomies,2
parametrial,2
directive,2
thinly,2
coincidence,2
flint,2
bextra,2
unprovoked,2
paroxetine,2
equagesic,2
dilatrate,2
lancaster,2
meridians,2
vitrector,2
tractional,2
dicyclomine,2
minister,2
soriatane,2
estep,2
leashes,2
infranasally,2
subtenon,2
fenestrations,2
choana,2
ceruminous,2
rosen,2
equidistant,2
struthers,2
methargen,2
cvp,2
bacod,2
postconcussive,2
facilities,2
mapleridge,2
authenticating,2
taco,2
dermatological,2
involution,2
solutab,2
dislodged,2
hutchison,2
housekeeper,2
incomprehensible,2
scratching,2
withdrawals,2
neurolytic,2
lenticular,2
tegmen,2
incudostapedial,2
nipper,2
saucerize,2
myringosclerotic,2
manipulating,2
lend,2
scu,2
abrading,2
tympanomastoidectomy,2
digitek,2
alarmed,2
cancelling,2
stomag,2
wisps,2
allogeneic,2
gvhd,2
allotransplant,2
chimerisms,2
casa,2
grande,2
diameters,2
disables,2
renders,2
incapable,2
possesses,2
italian,2
impress,2
tracheostoma,2
mammograms,2
scratches,2
farming,2
birds,2
grove,2
caduet,2
clefts,2
filtered,2
disimpacted,2
neurosensory,2
perfection,2
bounced,2
hypercarbic,2
lotrisone,2
fem,2
uncapping,2
whipstitch,2
retuned,2
errant,2
tono,2
superomedially,2
nonfenestrated,2
concoction,2
anasarcic,2
roughed,2
halcion,2
noncuffed,2
decannulate,2
bender,2
clitoromegaly,2
effacing,2
contrasted,2
dyscrasia,2
levsinex,2
bayer,2
imf,2
intermaxillary,2
duricef,2
sparingly,2
fishing,2
blackman,2
oak,2
fluorescein,2
viscosupplementation,2
multiparous,2
fails,2
lumpy,2
meatoplasty,2
glasscock,2
climara,2
neckline,2
lymphangitis,2
whereabouts,2
compete,2
privacy,2
boys,2
unsupervised,2
bullying,2
liking,2
rubra,2
cancels,2
poisoning,2
beginners,2
gang,2
carpeting,2
removes,2
knock,2
injures,2
phospate,2
strapping,2
lymphoproliferative,2
ptld,2
hematopathology,2
daunorubicin,2
peristatic,2
lubricated,2
phlebotomy,2
interferon,2
mud,2
lbh,2
errands,2
drafting,2
eraser,2
dewecker,2
reposited,2
volunteer,2
traditionally,2
neat,2
phlebotomies,2
ropinirole,2
hcz,2
contra,2
reunion,2
duoderm,2
ped,2
bivona,2
disposal,2
balcony,2
kill,2
affidavit,2
papers,2
invincible,2
prescriber,2
evasive,2
starve,2
fly,2
garbage,2
antitrypsin,2
trickle,2
shallowing,2
tricking,2
bleb,2
transglottic,2
saturate,2
offices,2
panels,2
unnecessary,2
psc,2
ramipril,2
expanders,2
breasted,2
confine,2
merits,2
esophagogastric,2
atretic,2
hyperidrosis,2
chromidrosis,2
bromhidrosis,2
papule,2
circulator,2
tanned,2
accentuate,2
rep,2
alesse,2
reproductive,2
measles,2
eccrine,2
apocrine,2
microbes,2
temper,2
argues,2
defies,2
deliberately,2
annoys,2
resentful,2
ejaculatory,2
axially,2
tenonectomy,2
calibers,2
relocate,2
lug,2
superiorize,2
traits,2
authorities,2
assures,2
supraglottitis,2
lease,2
pressurization,2
bisection,2
trachesotomy,2
chondrocalcinosis,2
behaves,2
unsafely,2
occurrences,2
wreck,2
lodge,2
parathyroids,2
kick,2
horrible,2
ignore,2
jealousy,2
jealous,2
intrusive,2
roosevelt,2
kingsburg,2
unified,2
district,2
arkansas,2
dos,2
palos,2
defends,2
alike,2
stubborn,2
lets,2
punish,2
interpositioned,2
peripatellar,2
solidly,2
resurfaced,2
resurface,2
legos,2
encopretic,2
beautician,2
midepigastrium,2
misbehaviors,2
unhappy,2
soils,2
cleans,2
maxim,2
vocational,2
uniformly,2
teammates,2
practicing,2
rozerem,2
proctofoam,2
micronor,2
anticipates,2
outdoor,2
outdoors,2
electrician,2
bloodied,2
intertrigo,2
eos,2
maxipime,2
keyboard,2
cock,2
oneself,2
bow,2
reversion,2
retrialed,2
saws,2
penlac,2
disruptive,2
checklist,2
overflow,2
pegged,2
fabellas,2
overstitch,2
trading,2
affordable,2
lasered,2
rehabilitatable,2
solve,2
predictably,2
capacious,2
housework,2
recreation,2
jacket,2
bleach,2
epicritic,2
invertors,2
evertors,2
aquacel,2
edged,2
bennett,2
arthroscopies,2
drugstores,2
absorb,2
palmetto,2
addicted,2
crowd,2
users,2
enthusiasm,2
tremendously,2
rests,2
retainer,2
naproxen,2
reps,2
mopping,2
dysfunctions,2
imagery,2
easing,2
qualifying,2
handgun,2
madsen,2
backhand,2
postdischarge,2
footdrop,2
negotiation,2
dormant,2
paraprofessional,2
negotiate,2
labrectomy,2
alloclassic,2
butter,2
preferential,2
refraining,2
error,2
finishes,2
lessac,2
wasps,2
levall,2
expectorant,2
breastfeeding,2
involuting,2
hemorrhoid,2
smoothly,2
templating,2
ponaris,2
triangularis,2
enucleation,2
homes,2
retraining,2
lipil,2
briefs,2
hypervascularity,2
maze,2
allotted,2
designs,2
amrs,2
monotonous,2
article,2
admittedly,2
annoyance,2
arresting,2
commissures,2
subannular,2
erogenic,2
unleashed,2
metastasized,2
retelling,2
storytelling,2
workday,2
slump,2
hemiabdomen,2
digestive,2
bananas,2
foundation,2
shrink,2
turban,2
postdate,2
svd,2
excel,2
bentley,2
poisons,2
feathery,2
excisionally,2
domains,2
palatoplasty,2
cheilion,2
dtap,2
ipv,2
transitioning,2
pediarix,2
curdled,2
projectile,2
strides,2
reconsult,2
generating,2
abdominosacrocolpopexy,2
radke,2
electrodissection,2
alice,2
uvular,2
postradical,2
iglesias,2
reoccur,2
automatics,2
perseverate,2
phrase,2
focussed,2
multimodality,2
stoops,2
varivax,2
fluffiness,2
periureteral,2
vis,2
recurrently,2
multiply,2
knotted,2
sue,2
shivanka,2
silva,2
wsu,2
massaging,2
comforted,2
scribbles,2
pincer,2
outfractured,2
semilunaris,2
natalie,2
apposite,2
hiccuping,2
hoing,2
aubrey,2
bud,2
skill,2
tucson,2
constraint,2
weston,2
corrects,2
jargon,2
intraseptal,2
quilting,2
trabeculated,2
acellular,2
dpt,2
belts,2
thromboendarterectomy,2
snares,2
grasses,2
sniffling,2
competence,2
koolaid,2
burton,2
resectoscopic,2
tradeoff,2
render,2
universally,2
evisceration,2
unipolar,2
bilobed,2
bipolored,2
tincoban,2
infradiaphragmatic,2
transdiaphragmatic,2
dismal,2
lymphangiectatic,2
supramesenteric,2
chyle,2
correctable,2
eviscerated,2
immunotherapy,2
maize,2
abruptio,2
electrosurgical,2
juan,2
delano,2
slam,2
predilation,2
honey,2
panty,2
blanch,2
harboring,2
emulate,2
reads,2
crum,2
cefzil,2
paramedial,2
links,2
arthrex,2
bowie,2
freshman,2
weeds,2
intal,2
kebner,2
unpacked,2
mere,2
crouched,2
lengthenings,2
frenulectomy,2
desiccate,2
hilo,2
dandruff,2
scratch,2
oily,2
cosmetics,2
shampoo,2
rearrange,2
rewires,2
intrathenar,2
homeostasis,2
comminutions,2
popular,2
revise,2
proceeds,2
eminent,2
handset,2
vapor,2
hundred,2
slush,2
nonperforated,2
taenia,2
bifurcated,2
clampable,2
abf,2
notchplasty,2
endobutton,2
appropriated,2
filamentous,2
thruway,2
midcalf,2
collateralization,2
tibioperoneal,2
caution,2
afforded,2
tannic,2
reaches,2
angioplastied,2
arthrectomize,2
raby,2
hoped,2
subtotally,2
excitable,2
alae,2
lenke,2
reprobed,2
matchstick,2
flavectomy,2
cranially,2
intraluminally,2
repacked,2
chloraseptic,2
circulate,2
sucking,2
demand,2
immaturity,2
glycerin,2
subbronchiole,2
asp,2
bronchiole,2
compressions,2
intrathoracically,2
intraabdominally,2
ventura,2
smc,2
indeterminable,2
crawford,2
hind,2
steinman,2
moulding,2
devitalization,2
dermaclose,2
noncrushing,2
extract,2
ptfe,2
solo,2
broaden,2
households,2
prudent,2
informant,2
gmc,2
chickens,2
vsd,2
elimination,2
consolable,2
hypertelorism,2
incur,2
schlesinger,2
suppuration,2
whereupon,2
hana,2
arthrographic,2
protrac,2
delamination,2
propagated,2
aiming,2
fray,2
dripped,2
capsulo,2
acromionizer,2
ineffective,2
chirotech,2
sew,2
gaseous,2
fortified,2
fingersticks,2
echograms,2
immature,2
challenge,2
teardrop,2
warrantees,2
cephalhematoma,2
occipitoparietal,2
abreast,2
abo,2
incompatibility,2
galactosemia,2
dizzier,2
meditech,2
distend,2
anteriorizing,2
laminated,2
polaroid,2
caspari,2
footprint,2
closures,2
avail,2
neuritic,2
reoccurrence,2
osteophied,2
swanson,2
scalene,2
nonsubluxable,2
overstuffing,2
barker,2
arched,2
mottling,2
bold,2
fibrillated,2
substantiated,2
wissinger,2
ostectomy,2
unm,2
microglia,2
micrognathia,2
azoospermia,2
semen,2
analyses,2
smoothing,2
protectively,2
retearing,2
fortunate,2
subcoracoid,2
overstep,2
inconsolability,2
cutis,2
marmorata,2
vasodilatation,2
ctx,2
iliacs,2
pledgetted,2
pleurectomy,2
ingenuity,2
exsanguinating,2
pristine,2
culturing,2
dapsone,2
urecholine,2
readmission,2
teenagers,2
unmarried,2
reminder,2
extubate,2
pneumovac,2
campbell,2
monckeberg,2
davita,2
alameda,2
endings,2
feasible,2
rasping,2
chondrosarcoma,2
premanufactured,2
resubmitted,2
minocycline,2
justification,2
superficialization,2
sealant,2
superficialized,2
neointimal,2
levophase,2
abductus,2
osteo,2
institutions,2
capsulectomies,2
bam,2
reaugmentation,2
exuded,2
plained,2
plainer,2
crystalling,2
palliated,2
unifocalized,2
mistique,2
angiograph,2
injectate,2
tanzania,2
aquaphor,2
corrales,2
eardrops,2
welled,2
predialysis,2
hep,2
pullout,2
islands,2
boisterous,2
puffiness,2
ectropion,2
sheehy,2
tent,2
tails,2
coccidioidomycosis,2
upsized,2
microchoice,2
dynagraft,2
innovations,2
dvr,2
aggregation,2
lymphadenopathies,2
arthralgia,2
necessitates,2
repleting,2
recurs,2
behcet,2
mycosis,2
aggregations,2
emerging,2
europe,2
mpo,2
endomysial,2
ige,2
gliadin,2
aortocaval,2
decides,2
bathes,2
winces,2
psychology,2
netherlands,2
characterizes,2
proliferation,2
ibd,2
tenth,2
interligamentous,2
azoospermic,2
parentsagreed,2
apprehension,2
thaw,2
refreeze,2
defibrillate,2
workings,2
intraorbitally,2
advancements,2
transoral,2
choanal,2
connects,2
antero,2
overlies,2
departments,2
repairs,2
mucotome,2
trichiasis,2
cryoprobe,2
elasticized,2
disappear,2
pitching,2
relaxant,2
soluspan,2
avinza,2
preadmission,2
humibid,2
extremis,2
grunting,2
coarseness,2
fireplaces,2
barbecues,2
consultants,2
wheezings,2
monocortical,2
washers,2
physis,2
semilateral,2
feeder,2
bottomed,2
snf,2
reuter,2
paralleled,2
wang,2
nonclotting,2
bronchoplasty,2
jet,2
painstaking,2
bits,2
donovan,2
dumon,2
reexamining,2
noninfective,2
subcuteneous,2
microperforation,2
scarped,2
erupted,2
paralytics,2
inspissated,2
preaponeurotic,2
antiplatelets,2
radio,2
carinae,2
sticky,2
mucomyst,2
microbiologic,2
micron,2
simulates,2
eyelashes,2
proparacaine,2
oculoplastic,2
hairs,2
shallower,2
ruler,2
preapeuronotic,2
eventual,2
stade,2
epogen,2
trental,2
terasozin,2
acupuncture,2
hindering,2
hypertropic,2
congruous,2
clavus,2
oddly,2
inadequately,2
wee,2
darco,2
intrabronchially,2
immunocompromised,2
rop,2
mersiline,2
crossclamp,2
crippling,2
flared,2
conglomeration,2
fibrocollagenous,2
decalcification,2
postprostatic,2
supporter,2
jockstrap,2
backlog,2
ourselves,2
tenacious,2
inquiry,2
mdp,2
acs,2
transaortic,2
exchanger,2
cdrc,2
neptune,2
edp,2
abscessed,2
orthodontist,2
weaken,2
venotomies,2
airing,2
reappose,2
musculofascial,2
desmopressin,2
atriums,2
overtime,2
counterpulsation,2
cryoprecipitates,2
contemplated,2
pumping,2
softened,2
apposed,2
tens,2
kadian,2
appoint,2
efficaciously,2
displays,2
emaciated,2
deconditioned,2
reproduce,2
tessier,2
alveoloplasty,2
decaying,2
quantum,2
vista,2
brite,2
antihyperlipidemic,2
funneling,2
langston,2
kenneth,2
fang,2
plom,2
circ,2
bisulphate,2
mucogingival,2
cuspid,2
statures,2
roundness,2
bivad,2
multilayer,2
normothermia,2
pectus,2
lessen,2
angiographs,2
deciliter,2
moveable,2
hexabrix,2
afo,2
flatness,2
fuller,2
mentor,2
manger,2
zinging,2
rode,2
obligated,2
nowhere,2
garamycin,2
cod,2
grader,2
risser,2
pullbacks,2
isthmal,2
posterobasal,2
flax,2
primrose,2
quercetin,2
policosanol,2
coenzyme,2
palately,2
luxated,2
minimization,2
sotalol,2
redilated,2
precatheterization,2
hayes,2
siterite,2
flooding,2
postconization,2
divides,2
ivus,2
thermodilution,2
hypaque,2
ester,2
midsegment,2
chewed,2
golfs,2
woodworks,2
assignment,2
sprinklers,2
stun,2
whiplash,2
bremerton,2
reattempted,2
sternocleidal,2
intima,2
enthusiastically,2
remarked,2
diprosone,2
accompany,2
rehabbed,2
misoprostol,2
arthroscopically,2
kochers,2
unwrap,2
lapsed,2
sdi,2
joule,2
paddles,2
corset,2
polymyalgia,2
rheumatica,2
evokes,2
giveaway,2
rso,2
russians,2
merz,2
vessiloops,2
nonkinking,2
honorable,2
clearcut,2
concludes,2
closes,2
visibly,2
disregarded,2
prime,2
unrecognized,2
innovated,2
thirdly,2
ping,2
pong,2
palmer,2
unduly,2
abduct,2
sierra,2
intracondylar,2
forensic,2
hypothenar,2
additive,2
dependant,2
contention,2
osteopathic,2
cervically,2
neurosurgically,2
lou,2
gehrig,2
ragnells,2
pulleys,2
litter,2
mcmurray,2
grind,2
flector,2
rand,2
stein,2
quadrantic,2
epicortex,2
eserine,2
meters,2
iredell,2
paleness,2
eradicated,2
denervated,2
pinching,2
portholes,2
ballottement,2
cascade,2
musical,2
convalescence,2
unhelmeted,2
rotates,2
tubercles,2
wac,2
award,2
submucosa,2
ridged,2
montgomery,2
heartland,2
eagan,2
eureka,2
herniae,2
hypercapnia,2
suprahilar,2
shaun,2
sondergaard,2
chordae,2
mumford,2
retrospectively,2
systolics,2
transosseous,2
attendings,2
imperially,2
hematologically,2
vaporizer,2
bird,2
boarder,2
fuser,2
shakes,2
softly,2
halls,2
relaxer,2
workmen,2
erector,2
spinae,2
lumborum,2
abducto,2
feasibility,2
softball,2
arthrograms,2
midday,2
intravertebral,2
teratoma,2
finance,2
phacoemulsify,2
keratotomy,2
cataractous,2
tamponaded,2
constrict,2
cels,2
orthotic,2
biomechanical,2
microblade,2
phacoemulsifier,2
instantly,2
rampant,2
stensen,2
nonindurated,2
pericardiotomy,2
transhiatal,2
wpi,2
morphogenic,2
loving,2
foresee,2
stylus,2
collinear,2
impactor,2
pathologically,2
nonendotracheal,2
colts,2
refine,2
subsidence,2
ocean,2
multilumen,2
objectives,2
meniscectomies,2
retropatellar,2
ossified,2
transepicondylar,2
whiteside,2
assign,2
verifiable,2
conservator,2
ship,2
phalange,2
septectomy,2
cephazolin,2
gowns,2
stroma,2
endothelium,2
fresnel,2
ava,2
predilations,2
lves,2
inferobasal,2
insufficiencies,2
iridectomies,2
fdt,2
gdx,2
applanations,2
conj,2
fuchs,2
tonometry,2
keratometry,2
magnifier,2
refractive,2
loaned,2
halos,2
meshwork,2
gonio,2
appositional,2
synechial,2
syphilis,2
stagnant,2
discern,2
synechia,2
nongranulomatous,2
cyclomydril,2
pdt,2
handheld,2
petty,2
pityrosporum,2
goldberg,2
presbyopia,2
commence,2
preservision,2
capulets,2
braithwaite,2
mmf,2
blows,2
oromaxillofacial,2
mouthrinse,2
remanipulated,2
ebu,2
reclosed,2
defervesced,2
liberally,2
activase,2
parkland,2
stumps,2
lps,2
gsf,2
delaire,2
tortuosities,2
sphincterotomy,2
encapsulating,2
silks,2
morrison,2
positivity,2
encasing,2
histopathology,2
tracheomalacia,2
laryngology,2
opens,2
chew,2
crunchy,2
potato,2
walgreens,2
narrowest,2
osteodystrophy,2
disequilibrium,2
guy,2
corpsman,2
superglue,2
acidic,2
tomato,2
sauce,2
sunlight,2
ultraviolet,2
eltroxin,2
overtly,2
pseudophakia,2
sphere,2
myopia,2
optifast,2
detachable,2
admixture,2
appendical,2
sever,2
hinder,2
ischiorectal,2
diverticluli,2
totality,2
undrained,2
perverse,2
cypher,2
dehisced,2
vascularization,2
hemiuvulas,2
uvulas,2
mouthed,2
renewed,2
rusty,2
milking,2
hyperflexed,2
locator,2
cannulized,2
aimed,2
indigent,2
vanderbilt,2
crosssail,2
verbalizes,2
weeklong,2
liquified,2
respirator,2
sedating,2
svo,2
blockade,2
vap,2
laughing,2
haggard,2
tripoding,2
mounting,2
cupped,2
impractical,2
nebulated,2
tridil,2
pseudoarthrotic,2
soccer,2
semitubular,2
leibinger,2
bolted,2
halstead,2
earlobes,2
midsternal,2
sensor,2
pinks,2
pustule,2
dangerous,2
crevice,2
fisch,2
contraption,2
diesel,2
adeno,2
cornealis,2
endocrinologists,2
radioiodine,2
propylthiouracil,2
exophthalmus,2
huffman,2
taxation,2
vsl,2
reculturing,2
antispasmodic,2
coloscopy,2
maneuvered,2
terumo,2
polyspike,2
demeanor,2
anorectum,2
explainable,2
scoped,2
biteblock,2
reentered,2
lipomata,2
parasites,2
liked,2
atria,2
filipino,2
cumulative,2
photodocumented,2
pan,2
canasa,2
explicit,2
assuredly,2
parkway,2
expectoration,2
midchest,2
clayton,2
mortensen,2
veramist,2
roofs,2
chisels,2
staving,2
fastened,2
milligray,2
fills,2
rosacea,2
addict,2
acuminata,2
lugol,2
monsel,2
shouting,2
truth,2
endonasal,2
expeditiously,2
surgilons,2
departing,2
adrenalin,2
okayed,2
arom,2
stapedial,2
diced,2
reinspection,2
jordan,2
clitoral,2
ascus,2
ecc,2
colposcopic,2
aceto,2
spgr,2
endomyometritis,2
cervicitis,2
duragel,2
bicoronal,2
paired,2
horseback,2
cytobrush,2
perilymph,2
incudo,2
reno,2
tripod,2
braced,2
staves,2
scutum,2
prospective,2
chorda,2
tympani,2
rosette,2
cruse,2
incostapedial,2
downfractured,2
crimper,2
brian,2
taut,2
roughened,2
trichomonas,2
gonorrhea,2
gardnerella,2
bleeds,2
unclotted,2
fabere,2
stabling,2
natalcare,2
nuvaring,2
gardasil,2
scrapbooking,2
ovral,2
hypodensities,2
douching,2
spongy,2
douche,2
precontrast,2
gowning,2
twilight,2
thrust,2
cavitation,2
endocervicitis,2
sab,2
rain,2
ayr,2
conceive,2
dander,2
parametria,2
fbs,2
appendages,2
luteal,2
posttransfusion,2
randolph,2
hepatologist,2
copper,2
chronotropic,2
incompetence,2
generators,2
polychrome,2
sdr,2
ebi,2
motors,2
adnexae,2
ligations,2
sacrospinous,2
polytrauma,2
terminations,2
ecrl,2
ecrb,2
devoid,2
slac,2
cogwheeling,2
hydergine,2
dysphasic,2
snout,2
forcefully,2
understandable,2
uncharacteristic,2
motocross,2
pastor,2
baptize,2
burial,2
cremation,2
christine,2
bryan,2
ashen,2
arisen,2
crowning,2
ascended,2
firmed,2
pit,2
morphologically,2
bassinet,2
abruption,2
placentation,2
entailed,2
tillaux,2
seriously,2
aligning,2
comminute,2
invaginated,2
exchanging,2
drown,2
reconsider,2
entail,2
reprogram,2
setup,2
falx,2
subtype,2
confuse,2
grips,2
syndesmosis,2
altering,2
reveres,2
reintroduction,2
imprudent,2
cleveland,2
cytomel,2
irreversible,2
spurred,2
finders,2
derotation,2
reseated,2
derotated,2
midsubstance,2
concave,2
fragmented,2
manages,2
farms,2
sprained,2
nonataxic,2
congealed,2
dislocate,2
antiobiotic,2
lightened,2
eugenol,2
angelica,2
inquired,2
replaning,2
reformed,2
pendulum,2
primigravida,2
ripe,2
infective,2
phenotype,2
immunoelectrophoresis,2
mis,2
citizens,2
fdis,2
unelicitable,2
dysfunctioning,2
disproportionately,2
sensorimotor,2
sjogren,2
toxins,2
chemotherapeutic,2
grouping,2
amyloid,2
gammopathy,2
lepto,2
hyperviscosity,2
ordering,2
blamed,2
cigars,2
cavus,2
extracranial,2
mch,2
companied,2
vaguely,2
shuffle,2
shuffles,2
scuffs,2
curbs,2
opportunities,2
shakier,2
feisty,2
limon,2
refers,2
kaweah,2
sucks,2
eagerly,2
intercurrent,2
explanations,2
stadol,2
vestibula,2
indolent,2
brachioplexus,2
tediously,2
rimmed,2
sleepier,2
interacts,2
intravaginally,2
mdl,2
hymenal,2
suspicions,2
tucker,2
officially,2
birthing,2
fern,2
hyperckemia,2
honeymoon,2
deformans,2
chcc,2
clobazam,2
oligohidrosis,2
summertime,2
kiss,2
perseveration,2
guessing,2
radiata,2
hippocampal,2
vermian,2
recollecting,2
chronology,2
perceives,2
incisal,2
asi,2
ferric,2
andrews,2
proxi,2
srom,2
granulating,2
pulsavaced,2
coaching,2
reminders,2
repairman,2
noninvasively,2
tallest,2
idaho,2
qualify,2
radiolucencies,2
myelopathic,2
worthwhile,2
pineal,2
pleated,2
debriding,2
venography,2
imager,2
lounge,2
lays,2
entocort,2
pentasa,2
mold,2
pulsatility,2
paraprotein,2
aldolase,2
nonneurologic,2
meroceles,2
axing,2
seeker,2
shamed,2
hiding,2
northern,2
ect,2
buttoning,2
lateralized,2
maximizing,2
depacon,2
noncircumductive,2
slapping,2
devoted,2
biter,2
merocels,2
hertel,2
impacting,2
methemoglobin,2
cerebroangiogram,2
pyrexia,2
civil,2
imposed,2
implementing,2
dotted,2
panhypopituitarism,2
generalizing,2
photopsias,2
chorioretinal,2
foveal,2
flicker,2
infero,2
metacarpophalangeal,2
auspices,2
spica,2
lithotriptor,2
lang,2
wickless,2
obstructional,2
laxatives,2
laterals,2
taller,2
unite,2
upgrade,2
kdr,2
addr,2
interosseus,2
diverticulectomy,2
dornier,2
interviewer,2
follutein,2
judgement,2
antineuronal,2
limbic,2
unheard,2
periorbit,2
boies,2
orthoplast,2
kennedy,2
shuntogram,2
gushing,2
pumped,2
galeal,2
declarations,2
clammed,2
laps,2
gej,2
morales,2
greasy,2
reproduction,2
nasofrontal,2
intoeing,2
exotropia,2
forego,2
awkwardly,2
weakest,2
karyotyping,2
calculating,2
birthdate,2
microcephalic,2
microcephaly,2
emergence,2
classify,2
captured,2
conveyer,2
mortgage,2
anhedonic,2
roussy,2
genu,2
splenium,2
dysgenesis,2
purposeful,2
vigabatrin,2
subsided,2
manifesting,2
initail,2
slntg,2
anoxic,2
lieu,2
difibrillator,2
editorial,2
org,2
dejerine,2
slumped,2
bretylium,2
electrically,2
defibrillated,2
intraortic,2
gorin,2
headachese,2
parafon,2
aodm,2
nsg,2
interanl,2
xanthomatous,2
auras,2
bifronto,2
wrinkling,2
cag,2
trinucleotide,2
amidst,2
groaned,2
vfftt,2
cerebelli,2
verbalizing,2
prongs,2
gelfilm,2
salisbury,2
accelerations,2
ipc,2
dopaminergic,2
antipsychotic,2
hypometric,2
fidgety,2
mgm,2
atm,2
inhibition,2
compromising,2
mucosally,2
noncemented,2
saber,2
synthesis,2
demylination,2
purkinje,2
histoplasmin,2
demential,2
defensiveness,2
unwillingness,2
faults,2
apl,2
controls,2
belted,2
sharper,2
remporal,2
nightsweats,2
giddy,2
crytococcal,2
systolically,2
capnographer,2
outlining,2
prepyloric,2
urease,2
spencer,2
squamocolumnar,2
les,2
daylight,2
veering,2
myelin,2
neuroophthalmology,2
wegener,2
granulomatosis,2
extender,2
osteogenic,2
oculovestibular,2
withdraws,2
misplacement,2
mesencephalic,2
xrays,2
contused,2
vegetative,2
amplify,2
rcea,2
tkr,2
participant,2
nascet,2
irrr,2
hcts,2
scaffold,2
verbalization,2
capacities,2
pry,2
resuming,2
illegible,2
staircase,2
salsalate,2
ginsana,2
ginseng,2
aica,2
intially,2
thismight,2
peduncles,2
clonality,2
leukocytic,2
vzv,2
aidp,2
luc,2
ugi,2
salesperson,2
excoriation,2
lactic,2
murder,2
attainment,2
barany,2
positionally,2
exaggeration,2
compounded,2
mdd,2
caldwell,2
cls,2
sublazine,2
tracheoscopy,2
paraesophageal,2
wince,2
cogent,2
vestibuloocular,2
vecuronium,2
fiberoptically,2
morcellizer,2
octagon,2
rebolused,2
vacuolization,2
flower,2
veer,2
thyroiditis,2
biochemically,2
shall,2
blacked,2
hypotensions,2
thunder,2
microfractures,2
oversensing,2
intrabuccal,2
hypogeusia,2
hashimoto,2
counsel,2
audio,2
muskegon,2
ludington,2
reception,2
trismus,2
carpenter,2
chews,2
eacs,2
mono,2
insist,2
braces,2
otorrhea,2
receptionist,2
audiologist,2
audiologic,2
crowding,2
abdominoplasty,2
moyamoya,2
takayasu,2
fioricet,2
apathetic,2
vote,2
presidential,2
cjd,2
cryptogenic,2
generalization,2
smile,2
friedman,2
snared,2
gastroduodenoscopy,2
meltzer,2
lyon,2
crystals,2
marino,2
clotest,2
unflexed,2
postgastrectomy,2
curves,2
fistulas,2
modulon,2
receding,2
repassed,2
enterocolitis,2
malformations,2
tactfully,2
stigma,2
dmv,2
explicitly,2
twitch,2
suppress,2
grimacing,2
daydreaming,2
rigidities,2
enders,2
companion,2
munich,2
america,2
ibm,2
bilingual,2
fumbles,2
getup,2
perisylvian,2
balances,2
checkbook,2
taxes,2
forget,2
birthdays,2
corroborate,2
carbidopa,2
levodopa,2
tamsulosin,2
stutters,2
stammers,2
mimic,2
mimicking,2
leans,2
rebuilt,2
golfer,2
descends,2
hypotonia,2
urodynamic,2
stilts,2
avonex,2
lobster,2
dawson,2
spines,2
complexities,2
hears,2
boarded,2
endodermal,2
reenforce,2
envelopes,2
antrostomies,2
circadian,2
contractor,2
hmo,2
reliably,2
inducing,2
nasoenteric,2
encephalopathic,2
granules,2
retroflexing,2
photograph,2
pancreaticoduodenectomy,2
stings,2
tympanograms,2
nonulcerated,2
heroic,2
congestions,2
monospot,2
sophomore,2
covington,2
microlaryngoscopy,2
kantor,2
telescopes,2
vaporize,2
blowing,2
extranodal,2
droopy,2
perifascial,2
aqua,2
summoned,2
bronchogenic,2
microsuspension,2
lewy,2
papillomatous,2
reoperative,2
extrafocal,2
extrathyroidal,2
debrider,2
olive,2
lovely,2
danish,2
broadened,2
pasture,2
touches,2
festinate,2
pcu,2
peons,2
insufflating,2
ellman,2
pyloroplasty,2
sageman,2
recoverable,2
bolstered,2
regimens,2
dyspeptic,2
postbulbar,2
portoenterostomy,2
cholestatic,2
femorosaphenous,2
intervenous,2
dynamically,2
nagging,2
actoplus,2
androgel,2
dolgic,2
pipkin,2
nonoliguric,2
vasopressive,2
euvolemia,2
cranberry,2
powerade,2
glomerulonephropathy,2
managers,2
urea,2
repositing,2
staphyloma,2
saphenofemoral,2
suppleness,2
hypovolemia,2
consequence,2
whelmed,2
enabled,2
enveloped,2
attaching,2
perforate,2
doughnuts,2
predrilled,2
suspensory,2
livonia,2
vilheim,2
caltrate,2
flown,2
oliguric,2
acknowledge,2
myoglobinuria,2
wherein,2
baldness,2
harsh,2
whack,2
repleted,2
piedmont,2
welchol,2
bacteriologic,2
midtrachea,2
enveloping,2
removals,2
florid,2
invanz,2
dipped,2
liposuctioned,2
strainer,2
physiosol,2
thence,2
stasney,2
wholey,2
royal,2
oms,2
instantaneous,2
nonalcoholic,2
hepatorenal,2
flabby,2
pretransplant,2
pseudomyxoma,2
peritonei,2
thyroplasty,2
bonders,2
glycosylated,2
expands,2
bland,2
isolation,2
subsegement,2
renocaps,2
nonfunctional,2
dialyze,2
kaletra,2
epivir,2
ziagen,2
untorse,2
vicyrl,2
sleeves,2
thanked,2
fantastic,2
hydruria,2
clogging,2
sketchy,2
bossier,2
sundowner,2
sms,2
nonhemorrhagic,2
reposit,2
unoccluded,2
analogue,2
capsure,2
tendencies,2
tibiales,2
supervising,2
testings,2
apolipoprotein,2
lpa,2
canaled,2
combine,2
fees,2
costs,2
straumann,2
abutments,2
flange,2
fins,2
overstuffed,2
morris,2
sixty,2
fibromucosa,2
prebronchoscopy,2
bedsite,2
distortions,2
subsegment,2
bronchioalveolar,2
periareolar,2
sevoflurane,2
arytenoids,2
bronchomalacia,2
humoral,2
burrows,2
tuesdays,2
bonded,2
bonding,2
resuspended,2
burrow,2
fertilization,2
obliques,2
pulpotomies,2
crowned,2
undigested,2
jejunal,2
rhinectomy,2
labeling,2
strickland,2
mueller,2
intradomal,2
spanning,2
precision,2
teapot,2
retriever,2
ingesting,2
lipoprotein,2
dionic,2
trusopt,2
perioperatively,2
puck,2
cymba,2
trailed,2
transmucosally,2
arteriographies,2
zeta,2
intervene,2
transpulmonic,2
recession,2
disinserted,2
transperineal,2
cine,2
lmca,2
flail,2
columnar,2
providence,2
permitting,2
eroding,2
diploic,2
bong,2
angiocatheter,2
semimembranosus,2
nailing,2
incudes,2
socking,2
hyperperfusion,2
dumped,2
dunn,2
viscostat,2
irm,2
remodelling,2
introductions,2
sniffing,2
listening,2
hyponasal,2
pronunciation,2
trajectories,2
masteries,2
schanz,2
unthickened,2
train,2
booked,2
ridges,2
mucofen,2
eardrums,2
alfa,2
celecoxib,2
resided,2
desaturate,2
nonrebreadier,2
chocking,2
pocketing,2
viscosity,2
remotely,2
infrared,2
embarrassment,2
colonography,2
repre,2
pcos,2
paraventral,2
extravasated,2
cytoplasmic,2
hmb,2
melan,2
transcription,2
sectioning,2
abut,2
perineural,2
anthracotically,2
deploying,2
subintimal,2
atn,2
transducers,2
mucin,2
neuroendocrine,2
synaptophysin,2
chromogranin,2
reflow,2
realizing,2
fibrillating,2
hypercontractility,2
overestimates,2
takasubo,2
intercoronary,2
femostop,2
afore,2
gastrojejuno,2
jejunojejuno,2
diastase,2
convincing,2
intracytoplasmic,2
mgy,2
ectatic,2
elect,2
ttd,2
myox,2
disassembler,2
cab,2
pinhole,2
pallets,2
acdf,2
lumbarization,2
dynesys,2
girdle,2
canalization,2
scintigraphy,2
interpectoral,2
sandaled,2
classified,2
triangles,2
cribriform,2
pox,2
vaccinations,2
smashing,2
diphtheria,2
nests,2
immunoperoxidase,2
chiefly,2
exacerbates,2
cephalalgia,2
declare,2
depot,2
credit,2
knocking,2
goofing,2
kicked,2
accidentally,2
causalgia,2
irritate,2
aggravates,2
reactivate,2
opine,2
biofreeze,2
dynamometry,2
bragard,2
popped,2
bethesda,2
pertain,2
sustains,2
verifies,2
bumpers,2
healthworks,2
clawing,2
hurst,2
limousines,2
bacon,2
cheeseburgers,2
processor,2
catwalk,2
sight,2
tank,2
derive,2
directives,2
pararectal,2
paravaginal,2
industrially,2
apportionable,2
disallowed,2
infantryman,2
ruby,2
sinusoids,2
suprasystemic,2
valvoplasty,2
ranger,2
distinctive,2
figured,2
reconfiguration,2
parametrium,2
contemplates,2
comparable,2
stoop,2
matching,2
ulcerated,2
excentric,2
brim,2
dissolvable,2
somatic,2
nociceptive,2
candidal,2
kaposi,2
intercrural,2
angiographies,2
knocked,2
terrano,2
pressuring,2
videotapes,2
proving,2
sparring,2
declining,2
popoffs,2
intracartilage,2
devascularize,2
greensboro,2
onions,2
housewife,2
antrectomy,2
scarlet,2
alternations,2
pyrosis,2
schatzki,2
prezista,2
gpt,2
pressor,2
restrain,2
pneumomediastinum,2
aztreonam,2
brenner,2
football,2
incap,2
binder,2
microfacial,2
metastasectomy,2
parmigiana,2
nitropaste,2
isentress,2
norvir,2
sour,2
waxing,2
waning,2
multilobular,2
eggplant,2
rootlets,2
guaranty,2
refracted,2
transpose,2
veno,2
dui,2
shakiness,2
basophils,2
imagining,2
gliosis,2
perichiasmatic,2
midplate,2
duraguard,2
minidriver,2
suitably,2
parks,2
operculum,2
meddle,2
absorbables,2
pulmonaries,2
levo,2
anteroinferiorly,2
temporofrontal,2
antiviral,2
battling,2
antiquing,2
sensible,2
arterialized,2
forebled,2
backbled,2
stripe,2
onco,2
positron,2
emission,2
uncommon,2
trilineage,2
hematopoiesis,2
transferrin,2
orotracheally,2
transplanted,2
renovascular,2
dostinex,2
cephaladly,2
denude,2
jorgensen,2
cefoxitin,2
antihelix,2
extrauterine,2
smead,2
morcellation,2
treatable,2
palliation,2
regains,2
gains,2
commercial,2
atkin,2
suprapelvic,2
denudation,2
flushes,2
loperamide,2
caspofungin,2
ertapenem,2
doubtful,2
absorption,2
myelopoiesis,2
transpleural,2
timeframe,2
lockheed,2
thrombotic,2
haloperidol,2
clarified,2
proctocolectomy,2
bibiotic,2
timeouts,2
pleurocentesis,2
gliding,2
earliest,2
nugauze,2
menstruating,2
vagal,2
felbatol,2
noticeably,2
gliomas,2
tnm,2
tomball,2
asbestosis,2
neoadjuvant,2
brochures,2
slab,2
advise,2
misty,2
calcanei,2
plastics,2
rongeured,2
constavac,2
unoperated,2
flieringa,2
trephination,2
uoq,2
mentalis,2
retromolar,2
pear,2
fixative,2
nonpulsatile,2
rnca,2
mediastinoscopy,2
templets,2
tune,2
croften,2
rich,2
centrifuged,2
genial,2
racemic,2
chill,2
cuba,2
evels,2
morbidities,2
osteoporotic,2
alongside,2
osteointroducer,2
annoying,2
tussionex,2
pennkinetic,2
soch,2
newport,2
overseas,2
tempe,2
grounds,2
sideline,2
oscillations,2
pressed,2
hospitalists,2
oligodendroglioma,2
jeopardize,2
abbott,2
northwestern,2
scribed,2
osmotic,2
pairs,2
snuggly,2
kanamycin,2
precoat,2
transcalcaneal,2
contaminating,2
ossicle,2
quiescent,2
stored,2
lidex,2
revocation,2
methamphetamines,2
derm,2
hidradenitis,2
solidified,2
constrain,2
snapping,2
asses,2
extractor,2
flapped,2
pried,2
trim,2
redressed,2
gigli,2
kneecap,2
reconditioning,2
oxford,2
referenced,2
interdigitation,2
jinnah,2
fillers,2
distract,2
reincised,2
filler,2
keller,2
liston,2
epi,2
inspecting,2
chilled,2
vectors,2
crests,2
prevertibral,2
abnormities,2
emr,2
windup,2
surgilube,2
monarch,2
intracamerally,2
hyperemesis,2
gravidarum,2
passengers,2
mccullough,2
microforceps,2
convincingly,2
locating,2
vertebroplasties,2
sculpting,2
drysdale,2
polisher,2
suppurativa,2
bartow,2
postsurgery,2
hyperextended,2
diastolics,2
brevibloc,2
alkalosis,2
vampire,2
cbcs,2
survive,2
updates,2
expertise,2
fayetteville,2
ogd,2
radiologies,2
burdened,2
prognosticate,2
retrieve,2
heroically,2
safest,2
gawa,2
worksheet,2
effecting,2
comatose,2
paralyzation,2
lifesaving,2
sulfas,2
oxazepam,2
histamines,2
mainstay,2
endoloops,2
joining,2
jun,2
barraquer,2
chemosis,2
mydriasis,2
eastchester,2
steak,2
nonconversant,2
tiki,2
kerosene,2
paraffin,2
citronella,2
asplenic,2
bean,2
dumping,2
rewarmed,2
sanchez,2
planners,2
supratherapeutic,2
shipyards,2
succumbed,2
capsulorhexis,2
appendicis,2
intraloop,2
kittner,2
heading,2
monophasic,2
tossed,2
endoclose,2
simplicity,2
sake,2
overinflation,2
interpalpebral,2
allergan,2
optics,2
atkinson,2
ophthalmological,2
extendable,2
imipenem,2
meropenem,2
crises,2
hydrodissector,2
spun,2
shooter,2
frown,2
ovcon,2
norflex,2
undertaking,2
endoscopies,2
elaborately,2
bilirubins,2
heptavax,2
communicable,2
reddick,2
instill,2
cholangiography,2
piggyback,2
trees,2
flowtrons,2
preemptive,2
mdis,2
semiflank,2
metz,2
anteroaxillary,2
porter,2
precautionary,2
endoseal,2
endoscissors,2
retraced,2
neurosis,2
aptt,2
doe,2
pollens,2
mirtazapine,2
bolen,2
spiking,2
agglutinins,2
embark,2
microalbuminuria,2
labyrinthitis,2
darvon,2
thorazine,2
myoglobulin,2
marginally,2
psychosomatic,2
supratemporally,2
ileac,2
mesovarium,2
cryoablation,2
cryoprocedure,2
cancerous,2
exceptions,2
nonenlarged,2
epinuclear,2
scratcher,2
inflating,2
shortcut,2
centralized,2
hydrodelineate,2
lester,2
michol,2
paradox,2
percodan,2
shadyside,2
levemir,2
cyclically,2
progestational,2
pelviolabdominal,2
transcervically,2
azulfidine,2
conjuctival,2
palette,2
musculoskelatal,2
stovepipe,2
parimalleolar,2
adema,2
calcitriol,2
bargaining,2
painter,2
ipf,2
enteropathy,2
avon,2
integuments,2
cuban,2
dolobid,2
goats,2
cattle,2
tractor,2
shivering,2
suspecting,2
bacterium,2
brucellosis,2
anaheim,2
wgt,2
crescendo,2
decrescendo,2
hysterectomies,2
sbe,2
cylert,2
incase,2
replies,2
determinations,2
multinucleated,2
bacilli,2
microfoci,2
mitis,2
vegas,2
vaccinated,2
hgt,2
subumbilically,2
beginnings,2
leathery,2
assuring,2
desufflation,2
zumi,2
ivcv,2
exceedingly,2
transcervical,2
cutoff,2
clusters,2
charred,2
chars,2
plume,2
subcuticularly,2
preincisionally,2
montelukast,2
addison,2
twi,2
lucent,2
axr,2
cisterns,2
proteinaceous,2
marine,2
lusb,2
acneiform,2
mathematics,2
lat,2
risperidone,2
bili,2
ivf,2
beclomethasone,2
winslow,2
novafil,2
subfascial,2
dampened,2
feared,2
terrors,2
quantify,2
brazil,2
nonsensically,2
chi,2
choledocholithotomy,2
choledochoscopy,2
nonvisualization,2
shrunk,2
dig,2
impressing,2
lambda,2
mesangial,2
interpositioning,2
substrate,2
pauci,2
crescentic,2
tonsillectomies,2
biaxin,2
migratory,2
mcps,2
pips,2
bronchovascular,2
predominance,2
tubules,2
immunofluorescence,2
kappa,2
microliters,2
stromally,2
amphadase,2
incorrect,2
tenseness,2
paracenteses,2
angiomata,2
noncaseating,2
artillery,2
bilobar,2
peripancreatic,2
veterans,2
hvamc,2
reid,2
infratemporal,2
nonpreservative,2
bothered,2
hudyncia,2
fibercon,2
annulose,2
phlebotomist,2
pricked,2
troubled,2
squeakiness,2
picks,2
edentulous,2
ziac,2
harmony,2
declines,2
ayrgel,2
tucks,2
bms,2
overshadowing,2
cobblestoned,2
tropical,2
valecula,2
reintubation,2
picky,2
seldom,2
efficiently,2
scaphotrapezial,2
beak,2
trapezoid,2
anchovied,2
scaphotrapezoidal,2
seater,2
mouthguard,2
norwich,2
deadlines,2
hesitation,2
lichenification,2
pivot,2
trampoline,2
plicate,2
subdivided,2
rap,2
uris,2
impetigo,2
constipates,2
respite,2
grandma,2
conway,2
springs,2
methocarbamol,2
hila,2
peanuts,2
qod,2
metolazone,2
captopril,2
torsemide,2
canula,2
oklahoma,2
pseudomembranous,2
multicentric,2
mph,2
heterosexual,2
prostitutes,2
japan,2
plumber,2
overeating,2
minocin,2
dysthymic,2
grandfathers,2
lynn,2
holmberg,2
kumar,2
mycins,2
cousins,2
convulsions,2
doughiness,2
tweezers,2
horse,2
brittle,2
dress,2
glabella,2
compressors,2
whip,2
intrachondral,2
puller,2
swallowed,2
discitis,2
ogen,2
sterilizing,2
amvisc,2
paribulbar,2
bridal,2
gatamycine,2
bridle,2
cosmederm,2
threading,2
banana,2
cable,2
belonged,2
attacked,2
stepchildren,2
fluoroquinolone,2
mess,2
pmr,2
tangent,2
equalized,2
klatskin,2
contemplating,2
taxi,2
stumbled,2
amniotomy,2
breathed,2
eventrated,2
glover,2
molding,2
mastopexies,2
supernatant,2
tympanitic,2
lensectomy,2
hammering,2
ruddy,2
cocked,2
encircling,2
freehand,2
hysterotomy,2
susceptibilities,2
bacteroides,2
susceptibility,2
ours,2
carriers,2
zoonotic,2
lethal,2
coercion,2
coccidioides,2
immunopathology,2
nucleoli,2
hypercapnic,2
optimized,2
bronchodilation,2
respules,2
risen,2
seldomly,2
hallways,2
meningococcal,2
demonstrative,2
peripelvic,2
restituted,2
dermatomyositis,2
urticarial,2
endocrinopathies,2
pretibially,2
pedally,2
corrections,2
xenaderm,2
ardmore,2
translocation,2
dipsticks,2
brighton,2
circling,2
succeeding,2
unbound,2
tussive,2
garberville,2
autistic,2
peroxidase,2
trended,2
systane,2
acathexia,2
electrocardiograms,2
bradycardias,2
lotemax,2
triazolam,2
starch,2
handedness,2
kuglen,2
norethindrone,2
zuba,2
endoscopist,2
realization,2
dihydroergotamine,2
acuities,2
transpire,2
innermost,2
alfred,2
reincorporated,2
nonstress,2
kerr,2
swiped,2
phenylephrine,2
enemas,2
detox,2
onboard,2
extraoculars,2
detoxing,2
blame,2
maxed,2
regiment,2
congenial,2
footling,2
sable,2
kasson,2
maxon,2
afof,2
disgusted,2
varicosity,2
whitening,2
breaks,2
airtight,2
beech,2
hardness,2
disturbing,2
extrudes,2
liveborn,2
hyperglycemic,2
mucoparietal,2
activator,2
farber,2
item,2
superotemporally,2
biom,2
illuminator,2
intonation,2
sulfide,2
species,2
granulated,2
truncated,2
moose,2
costosternal,2
cheaper,2
enormous,2
hypercalcemic,2
transvenous,2
calibration,2
drrs,2
bells,2
questionably,2
restroom,2
exceeds,2
microlumbar,2
subclavicular,2
vitatron,2
reconfigure,2
conical,2
strutted,2
joy,2
norepinephrine,2
globular,2
pericecal,2
peritenonitis,2
cholangitis,2
cryoglobulinemia,2
lor,2
backbone,2
foils,2
llq,2
chorioretinitis,2
bill,2
laparotomies,2
diener,2
wilmot,2
nonresolving,2
percussible,2
dermatosis,2
jogs,2
microaneurysms,2
lycopene,2
backup,2
header,2
mckissock,2
deepithelialization,2
flexan,2
mammosite,2
spherical,2
mowing,2
mssa,2
mower,2
pennsylvania,2
atp,2
oxygenating,2
reshaped,2
fragility,2
irish,2
greek,2
antiendomysial,2
pmd,2
trop,2
hesitant,2
pepto,2
bismol,2
grapes,2
oranges,2
spicy,2
nascobal,2
approx,2
emphatically,2
eugene,2
oregon,2
langenbeck,2
gemelli,2
infolded,2
definitively,2
montage,2
inspite,2
surg,2
elasticity,2
discretely,2
banking,2
ausculatory,2
lighting,2
evicel,2
inclination,2
prosupination,2
targeting,2
misses,2
trachomatis,2
pseudocyst,2
cost,2
reinstituted,2
stabbed,2
premenopausal,2
transcriptionist,2
proctocolitis,2
neisseria,2
crucial,2
nonjudgmental,2
labels,2
integral,2
heterosexuality,2
attractions,2
analyzer,2
float,2
wright,2
defecating,2
uninfected,2
disclosing,2
hbg,2
erythrocyte,2
pension,2
lomotil,2
slits,2
circumdental,2
maxillomandibular,2
altura,2
sinoatrial,2
enrhythm,2
earrings,2
sleeveless,2
turtleneck,2
sweatpants,2
hoop,2
leiomyoma,2
neuropathology,2
intraalveolar,2
wavy,2
diagonally,2
nonpatterned,2
premarked,2
irretrievably,2
digested,2
prepubescent,2
finely,2
strangulation,2
hypochlorite,2
surmounts,1
variations,1
fabric,1
penetrates,1
forcible,1
edta,1
immunoassay,1
bracelet,1
vancular,1
clinocopatholigical,1
asphyxia,1
crosses,1
parchment,1
aggregates,1
seventeen,1
semifluid,1
fourchette,1
eighths,1
semiliquid,1
nonblanching,1
marilyn,1
monroe,1
flames,1
mermaid,1
bacteriological,1
toxicological,1
cannabinoids,1
barbiturate,1
areolae,1
cherries,1
playboy,1
bunny,1
papas,1
christ,1
guadalupe,1
naked,1
unanswered,1
homicide,1
refrigeration,1
unfixed,1
blond,1
corneae,1
frenula,1
earring,1
multidetector,1
helicoaxial,1
algorithms,1
triad,1
precludes,1
antithrombin,1
fruitful,1
elusive,1
youngest,1
drew,1
vortex,1
commencement,1
deinsufflation,1
goodbye,1
heroics,1
inspra,1
unroofing,1
brided,1
undo,1
tedious,1
floated,1
pps,1
unfold,1
locationing,1
prevascular,1
inhomogenous,1
jackknife,1
mangled,1
hexedine,1
nondiabetic,1
conspicuous,1
bsa,1
rugous,1
parity,1
paralyze,1
jog,1
mone,1
carpet,1
expressible,1
spiculation,1
immensely,1
logic,1
pronounce,1
eardum,1
bmt,1
birthmark,1
faded,1
regressed,1
religious,1
colleagues,1
fes,1
unmeasured,1
obstetrically,1
episioproctotomy,1
detecting,1
secreted,1
religion,1
mmtp,1
intertriginous,1
pregabalin,1
clotrimazole,1
camilla,1
supermarkets,1
proud,1
identities,1
dozen,1
wondered,1
persuade,1
terminality,1
hypnotic,1
rescues,1
olanzapine,1
zithromycin,1
equalize,1
hypesthesia,1
arnold,1
invagination,1
pontomedullary,1
hydrolytic,1
autoclaving,1
descension,1
transpalatal,1
redraining,1
prolapses,1
tonal,1
contagious,1
transmittable,1
altitude,1
arb,1
triglide,1
farsightedness,1
tincture,1
gengraf,1
dexfol,1
southeast,1
grazed,1
chattanooga,1
sharpest,1
toxoid,1
sediment,1
artifactual,1
asia,1
decoy,1
sulphate,1
circumambulate,1
spongiform,1
creutzfeldt,1
jakob,1
heidenhaim,1
cingulate,1
hypothalamus,1
insula,1
arranging,1
cash,1
sharing,1
penmanship,1
halting,1
quadrantanopsia,1
bordering,1
extinguishing,1
hid,1
luggage,1
alarm,1
searched,1
unusually,1
brushed,1
chuckle,1
florist,1
protease,1
reaccumulate,1
seals,1
accumulate,1
outgrow,1
comprises,1
unbeknownst,1
assassin,1
twitches,1
nutritious,1
eliminating,1
toxemia,1
hydatiform,1
slippage,1
fairfield,1
bariatrics,1
jehovah,1
adamantly,1
granted,1
comprised,1
deck,1
rugation,1
cowley,1
mimics,1
vail,1
gathering,1
inhibited,1
retrolisthesis,1
xyzal,1
fasciotomies,1
thermometer,1
crept,1
amygdala,1
entorhinal,1
parahippocampal,1
comedo,1
wakeup,1
propane,1
softer,1
silvadene,1
accelerate,1
symbicort,1
clorazepate,1
dipotassium,1
nitrostat,1
hyperhidrosis,1
lunotriquetral,1
midcarpal,1
ejected,1
hematocrits,1
collectively,1
intracerebrally,1
postdialytic,1
nephrocaps,1
fosrenol,1
revascularizations,1
eyeglasses,1
coating,1
million,1
encircle,1
malarone,1
malarial,1
rerupture,1
tide,1
vincent,1
safer,1
viruses,1
pillowcases,1
buy,1
transparency,1
fogged,1
steam,1
escort,1
reproduced,1
asepsis,1
hypodermic,1
stray,1
unrestricted,1
transference,1
simplified,1
bronchospams,1
epicenter,1
kneeling,1
promontory,1
racz,1
transforaminally,1
fluroscopy,1
vol,1
vesta,1
dni,1
bradycardiac,1
postobstructive,1
rvr,1
contemplation,1
deteriorating,1
bronchospasms,1
druj,1
minnesota,1
unveiled,1
saltation,1
proteus,1
mirabilis,1
pansensitive,1
aloe,1
imitates,1
vocalizations,1
pulls,1
cube,1
mama,1
bye,1
ozs,1
neuroforamin,1
caudocranial,1
scottie,1
pauciarticular,1
aristospan,1
paralyzing,1
epidurals,1
eruptions,1
females,1
deprivation,1
theses,1
rewrap,1
nonpainful,1
replication,1
abolish,1
lesioning,1
lsb,1
expedite,1
oversedating,1
racked,1
semispinalis,1
capillaries,1
reapply,1
seeps,1
suffice,1
moisturizers,1
studying,1
sunbathe,1
dermabrasion,1
tretinoin,1
dedocked,1
retroperitoneally,1
vinci,1
uncleanliness,1
masturbation,1
cortisones,1
discover,1
unscented,1
washcloth,1
astringent,1
rinses,1
bangs,1
scuffing,1
transformed,1
consequential,1
pinhead,1
whiteheads,1
pustules,1
backs,1
radiculogram,1
neuralgia,1
depomedrol,1
ketorolac,1
sarapin,1
zung,1
ralph,1
menard,1
pedophilia,1
edgy,1
phobic,1
affectively,1
wallet,1
asthenic,1
conceptual,1
premorbid,1
devascularization,1
esbl,1
extraluminal,1
monroeville,1
ltac,1
stout,1
rocky,1
cite,1
embolectomy,1
trichophyton,1
thrives,1
semester,1
isotretinoin,1
powerful,1
cautions,1
gastroplasty,1
docking,1
davinci,1
walkways,1
scrapings,1
pharmacist,1
thongs,1
diligent,1
stretches,1
unambitious,1
theragran,1
oyster,1
trimethoprim,1
lockout,1
ivabx,1
nsvt,1
tach,1
minded,1
fled,1
gestalt,1
beck,1
organicity,1
expectancies,1
listless,1
formatted,1
atlanta,1
electroconvulsive,1
resent,1
nagged,1
seethe,1
library,1
love,1
animation,1
agoraphobia,1
relies,1
eligibility,1
offering,1
censorship,1
tempered,1
stanfield,1
wasn,1
obscure,1
diagnose,1
whirlpool,1
baths,1
heating,1
dmards,1
compounds,1
antimalarials,1
melatonin,1
oxymetazoline,1
epworth,1
electromyogram,1
electrooculogram,1
epochs,1
ectopics,1
postarousal,1
cleaner,1
vesseloops,1
surgisis,1
polysomnographic,1
predispose,1
osa,1
allergens,1
wakens,1
influen,1
atient,1
tirals,1
pamoate,1
soluble,1
relaxers,1
approving,1
seropurulent,1
worthless,1
emptiness,1
mutilated,1
workups,1
elmendorf,1
drowned,1
netardation,1
tourette,1
quickie,1
revolution,1
transports,1
oversized,1
sideboard,1
succeeded,1
indoors,1
broccoli,1
somatization,1
psychotherapeutic,1
atkins,1
veggie,1
poland,1
starchy,1
skinny,1
commended,1
limber,1
workout,1
depersonalization,1
derealization,1
cents,1
locoregional,1
nickels,1
hypomania,1
vendor,1
beaten,1
spice,1
aftershave,1
perpetrators,1
hypervigilant,1
grandiosity,1
choke,1
adjustable,1
caregivers,1
cracks,1
propulsion,1
guards,1
tipper,1
tipping,1
star,1
unsupported,1
invacare,1
crossfire,1
emotion,1
terrain,1
inserts,1
flats,1
prohibit,1
emotionally,1
husbands,1
quilt,1
waitress,1
traumas,1
panicky,1
interviews,1
loosed,1
runaway,1
journals,1
altercations,1
wither,1
rtc,1
residential,1
witnessing,1
allegation,1
aaaa,1
gifted,1
creative,1
emphatic,1
stealing,1
iep,1
loves,1
dislikes,1
mesenchymal,1
pqr,1
noonday,1
isn,1
distractible,1
aggression,1
misbehavior,1
deported,1
centers,1
kim,1
trash,1
talents,1
gifts,1
george,1
multisequence,1
provision,1
norms,1
conflicts,1
indulgence,1
gratification,1
dwi,1
dart,1
sids,1
uaa,1
attitudes,1
starks,1
conners,1
unequivocally,1
interpretable,1
welsh,1
changeableness,1
violating,1
crunch,1
stupid,1
stephanie,1
stepsister,1
moody,1
extraverted,1
insecure,1
supplementary,1
rape,1
cubicle,1
organization,1
figidity,1
tensed,1
refuse,1
explode,1
doom,1
dissipates,1
deviations,1
nantucket,1
debra,1
anderson,1
recuperates,1
tetraphosphate,1
overworking,1
abovementioned,1
frc,1
tgv,1
extrapulmonary,1
artefact,1
wenckebach,1
bigemini,1
plasmacytoma,1
pothole,1
carriage,1
maigne,1
viewpoint,1
tuffier,1
vasodepressor,1
postbronchodilator,1
dlco,1
bankruptcy,1
flatten,1
emotions,1
formally,1
ocs,1
aspirant,1
colonized,1
parking,1
cooked,1
mopped,1
laundry,1
mow,1
prays,1
suitability,1
phases,1
intraarterial,1
retarded,1
federal,1
fought,1
sherriff,1
doorknob,1
swelled,1
ged,1
baxter,1
reticuloendothelial,1
clinicopathologic,1
fibroblast,1
virchow,1
propanolol,1
appt,1
attire,1
whites,1
altitudes,1
airplanes,1
aren,1
odds,1
acls,1
ttc,1
thrombo,1
foodstuff,1
levi,1
jeans,1
canvas,1
midlarynx,1
undulating,1
pliable,1
golden,1
exuding,1
sanguinous,1
vermiform,1
pseudomenbrane,1
textbooks,1
denotes,1
conjunctive,1
embalmed,1
diagrams,1
panniculus,1
prong,1
alveoli,1
lcm,1
spleens,1
maroon,1
atheromata,1
cardiopathology,1
monoxide,1
flecks,1
tache,1
noire,1
sunken,1
pendulous,1
macule,1
shadows,1
swabbed,1
endocardium,1
dcis,1
lindsay,1
hairy,1
valganciclovir,1
resembled,1
inuring,1
centrilobular,1
steatosis,1
textured,1
wristband,1
stripes,1
affix,1
crossbar,1
closet,1
mingled,1
clothed,1
khaki,1
corticomedullary,1
coned,1
nabothian,1
imbedded,1
albicantia,1
intrapulmonary,1
subepicardial,1
twill,1
cargo,1
unblanching,1
serrated,1
rostral,1
instance,1
